"p","d","q","P","D","Q","AIC","AICC","BIC"
5,1,4,4,1,3,27016.8548358237,27017.0730176419,27117.929278104
5,1,4,1,1,2,27017.2591650241,27017.3887485057,27094.5513855914
4,1,5,1,1,2,27018.2753377368,27018.4049212184,27095.567558304
5,1,5,3,1,5,27018.5943453396,27018.865483406,27131.5598984764
5,1,6,5,1,4,27018.8624851205,27019.1923673055,27143.7191491139
5,1,4,1,1,3,27019.728591435,27019.8781640846,27102.9663674306
5,1,4,2,1,2,27019.8619473302,27020.0115199798,27103.0997233258
7,1,5,4,1,5,27019.9271177958,27020.2885463673,27150.7293372174
5,1,4,2,1,1,27020.2797480363,27020.409331518,27097.5719686036
5,1,5,2,1,4,27020.322996139,27020.5411779572,27121.3974384193
5,1,6,1,1,2,27020.3863936686,27020.5573947374,27109.5697250924
3,1,6,3,1,6,27020.4302875686,27020.701425635,27133.3958407054
4,1,6,1,1,3,27020.5748287417,27020.7458298105,27109.7581601656
5,1,5,2,1,1,27020.6061605188,27020.7557331684,27103.8439365144
3,1,6,2,1,1,27020.6738991246,27020.8034826063,27097.9661196919
3,1,6,4,1,6,27020.9168958883,27021.2166817555,27139.8280044534
6,1,4,2,1,2,27021.2859091398,27021.4569102086,27110.4692405636
5,1,4,4,1,5,27021.4635909786,27021.7347290449,27134.4291441154
3,1,6,1,1,4,27021.4773095366,27021.6483106054,27110.6606409604
6,1,4,2,1,3,27021.4917446384,27021.6856149164,27116.6206314905
5,1,4,3,1,5,27021.5186710501,27021.7626082826,27128.5386687587
4,1,5,4,1,1,27021.5571045256,27021.7281055943,27110.7404359494
7,1,4,2,1,5,27021.8060075672,27022.0771456335,27134.771560704
5,1,4,3,1,1,27021.8649893704,27022.01456202,27105.102765366
5,1,5,0,1,3,27022.0750973149,27022.2246699644,27105.3128733104
6,1,4,3,1,1,27022.1882027538,27022.3592038226,27111.3715341776
5,1,5,4,1,1,27022.2900074111,27022.4838776891,27117.4188942632
5,1,6,2,1,1,27022.4571212584,27022.6281223272,27111.6404526822
6,1,5,2,1,1,27022.6113422552,27022.782343324,27111.794673679
5,1,4,0,1,5,27022.6166039394,27022.7876050082,27111.7999353632
5,1,5,3,1,1,27022.6492184142,27022.8202194829,27111.832549838
5,1,5,2,1,3,27022.7038934943,27022.8977637723,27117.8327803463
3,1,6,0,1,5,27022.786616474,27022.9576175428,27111.9699478978
6,1,4,1,1,3,27022.8062442672,27022.977245336,27111.989575691
5,1,5,0,1,5,27023.0879132331,27023.2817835111,27118.2168000852
5,1,6,0,1,3,27023.2149206762,27023.3859217449,27112.3982521
7,1,4,0,1,3,27023.344233929,27023.5152349978,27112.5275653528
5,1,5,0,1,4,27023.509086136,27023.6800872048,27112.6924175598
5,1,5,1,1,6,27023.6707377078,27023.9146749403,27130.6907354163
6,1,4,3,1,3,27023.7576969187,27023.9758787368,27124.832139199
5,1,4,1,1,5,27023.8126527282,27024.0065230062,27118.9415395803
7,1,6,3,1,3,27024.0999206346,27024.3997065018,27143.0110291996
4,1,5,3,1,2,27024.1400757794,27024.3110768481,27113.3234072032
5,1,6,4,1,1,27024.1675053039,27024.385687122,27125.2419475842
5,1,4,5,1,1,27024.1758285068,27024.3696987847,27119.3047153588
4,1,6,1,1,4,27024.1774753218,27024.3713455998,27119.3063621739
5,1,4,3,1,2,27024.2337123202,27024.404713389,27113.417043744
6,1,4,1,1,5,27024.4024235129,27024.6206053311,27125.4768657932
4,1,5,3,1,6,27024.4858711565,27024.7570092228,27137.4514242933
5,1,6,0,1,5,27024.5213670573,27024.7395488755,27125.5958093376
7,1,4,2,1,3,27024.531294714,27024.7494765322,27125.6057369943
5,1,6,3,1,1,27024.5446584963,27024.7385287743,27119.6735453483
5,1,6,3,1,4,27024.6024745956,27024.873612662,27137.5680277324
5,1,5,4,1,2,27024.6398252599,27024.8580070781,27125.7142675402
5,1,5,1,1,5,27024.6563705138,27024.874552332,27125.7308127941
3,1,6,0,1,6,27024.7577748664,27024.9516451444,27119.8866617185
7,1,6,2,1,2,27024.7967071421,27025.0406443746,27131.8167048507
5,1,6,0,1,4,27024.816691255,27025.0105615329,27119.945578107
5,1,5,0,1,6,27025.0044840842,27025.2226659023,27126.0789263645
5,1,5,3,1,2,27025.007797532,27025.20166781,27120.1366843841
5,1,5,5,1,1,27025.0174143147,27025.2355961329,27126.0918565951
6,1,4,3,1,4,27025.0243538,27025.2682910325,27132.0443515085
5,1,4,1,1,4,27025.0766203346,27025.2476214034,27114.2599517584
5,1,5,1,1,3,27025.0947682099,27025.2657692787,27114.2780996337
6,1,4,1,1,4,27025.1982243126,27025.3920945906,27120.3271111646
7,1,5,0,1,3,27025.2358525144,27025.4297227924,27120.3647393665
3,1,6,3,1,4,27025.253870137,27025.4720519552,27126.3283124173
5,1,4,4,1,4,27025.3163054054,27025.5602426379,27132.336303114
7,1,4,1,1,3,27025.3674309624,27025.5613012404,27120.4963178144
7,1,4,0,1,4,27025.4290561812,27025.6229264592,27120.5579430333
7,1,4,3,1,2,27025.501691496,27025.7198733142,27126.5761337763
3,1,6,1,1,5,27025.5477581761,27025.7416284541,27120.6766450282
6,1,5,3,1,1,27025.7259469299,27025.9198172079,27120.854833782
7,1,4,5,1,2,27025.7924459684,27026.0635840347,27138.7579991052
6,1,6,2,1,2,27025.803575766,27026.0217575842,27126.8780180463
5,1,4,1,1,6,27025.824177024,27026.0423588421,27126.8986193043
7,1,4,2,1,2,27025.931869655,27026.125739933,27121.0607565071
4,1,6,1,1,2,27026.0735842878,27026.2231569374,27109.3113602834
7,1,4,2,1,1,27026.085323792,27026.2563248608,27115.2686552158
4,1,5,1,1,1,27026.1015108591,27026.2125428876,27097.4481759982
6,1,4,1,1,2,27026.1365690743,27026.2861417239,27109.3743450699
7,1,6,2,1,3,27026.1698959339,27026.4410340003,27139.1354490708
6,1,6,3,1,1,27026.2175158694,27026.4356976876,27127.2919581497
5,1,4,0,1,6,27026.3019478749,27026.4958181529,27121.4308347269
4,1,5,0,1,4,27026.3540105149,27026.5035831645,27109.5917865104
4,1,6,4,1,3,27026.412411279,27026.6563485116,27133.4324089876
6,1,4,1,1,6,27026.4187426704,27026.6626799029,27133.4387403789
4,1,6,1,1,6,27026.4223644102,27026.6663016428,27133.4423621188
7,1,5,0,1,5,27026.4269929542,27026.6709301867,27133.4469906627
6,1,5,1,1,5,27026.4422295828,27026.6861668154,27133.4622272914
5,1,6,1,1,5,27026.5182322808,27026.7621695133,27133.5382299894
5,1,6,3,1,2,27026.5253136804,27026.7434954986,27127.5997559607
5,1,6,0,1,6,27026.540386339,27026.7843235715,27133.5603840475
7,1,4,0,1,6,27026.5681053171,27026.8120425496,27133.5881030256
7,1,4,5,1,3,27026.5685876125,27026.8683734798,27145.4796961776
6,1,6,4,1,1,27026.7057709872,27026.9497082197,27133.7257686958
7,1,5,2,1,3,27026.7876849782,27027.0316222107,27133.8076826867
7,1,5,0,1,4,27026.8082106542,27027.0263924724,27127.8826529345
5,1,5,4,1,3,27026.8925757299,27027.1365129624,27133.9125734384
6,1,6,0,1,4,27026.8962499907,27027.1144318089,27127.970692271
6,1,6,0,1,5,27026.9141936838,27027.1581309163,27133.9341913923
7,1,6,0,1,3,27026.9753997178,27027.193581536,27128.0498419981
5,1,6,1,1,3,27027.2206099355,27027.4144802135,27122.3494967875
5,1,6,4,1,2,27027.3350597343,27027.5789969668,27134.3550574428
7,1,4,4,1,2,27027.5839536889,27027.8278909214,27134.6039513974
7,1,4,0,1,5,27027.7785838492,27027.9967656673,27128.8530261295
5,1,4,2,1,6,27027.8393688389,27028.0833060714,27134.8593665475
7,1,6,4,1,4,27027.8487483227,27028.2101768941,27158.6509677442
4,1,6,1,1,5,27028.18789649,27028.4060783082,27129.2623387703
5,1,6,1,1,6,27028.2601685308,27028.5313065971,27141.2257216676
5,1,6,5,1,1,27028.2980526596,27028.5419898921,27135.3180503681
7,1,4,0,1,2,27028.325323199,27028.4748958486,27111.5630991945
6,1,4,2,1,6,27028.3621549035,27028.6332929698,27141.3277080403
6,1,6,1,1,5,27028.3898125851,27028.6609506515,27141.3553657219
7,1,5,0,1,6,27028.4007333814,27028.6718714478,27141.3662865182
5,1,5,5,1,3,27028.4179919397,27028.6891300061,27141.3835450766
6,1,6,0,1,3,27028.4287201726,27028.6225904506,27123.5576070247
5,1,5,0,1,2,27028.4551097664,27028.584693248,27105.7473303337
6,1,6,3,1,2,27028.5080484931,27028.7519857256,27135.5280462017
6,1,6,5,1,3,27028.5599787008,27028.8898608857,27153.4166426941
5,1,4,1,1,1,27028.5785022951,27028.6895343236,27099.9251674341
7,1,6,0,1,5,27028.6205728199,27028.8917108863,27141.5861259567
6,1,3,3,1,5,27028.6673611864,27028.9112984189,27135.687358895
6,1,4,5,1,5,27028.7111445591,27029.041026744,27153.5678085524
7,1,5,1,1,4,27028.7758912106,27029.0198284432,27135.7958889192
7,1,6,4,1,2,27028.8055689947,27029.105354862,27147.7166775598
6,1,4,3,1,6,27028.817569945,27029.1173558122,27147.72867851
3,1,6,1,1,6,27028.8654643045,27029.0836461226,27129.9399065848
5,1,6,2,1,5,27028.9978558314,27029.2689938978,27141.9634089682
5,1,5,2,1,5,27029.0329941647,27029.2769313972,27136.0529918732
6,1,6,1,1,4,27029.1590405178,27029.4029777504,27136.1790382264
3,1,6,5,1,4,27029.1770601664,27029.4481982327,27142.1426133032
5,1,6,5,1,2,27029.1837394036,27029.45487747,27142.1492925404
7,1,6,0,1,4,27029.2095283524,27029.453465585,27136.229526061
6,1,3,3,1,6,27029.2115148011,27029.4826528674,27142.1770679379
5,1,5,4,1,5,27029.4170088095,27029.7167946767,27148.3281173745
6,1,4,0,1,5,27029.4296375502,27029.6235078282,27124.5585244022
7,1,3,2,1,5,27029.4688786933,27029.7128159258,27136.4888764019
7,1,4,2,1,4,27029.6301621142,27029.8740993468,27136.6501598228
7,1,6,1,1,3,27029.660996246,27029.9049334786,27136.6809939546
6,1,4,0,1,6,27029.681485372,27029.8996671902,27130.7559276523
5,1,5,2,1,6,27029.8117812176,27030.082919284,27142.7773343544
3,1,6,0,1,2,27030.0036861546,27030.1147181831,27101.3503512937
5,1,6,5,1,3,27030.231573403,27030.5313592702,27149.1426819681
7,1,6,1,1,6,27030.272618017,27030.6025002019,27155.1292820103
4,1,6,4,1,5,27030.3241481115,27030.6239339787,27149.2352566766
7,1,6,0,1,1,27030.5057289936,27030.6767300623,27119.6890604174
7,1,3,2,1,6,27030.5889092007,27030.860047267,27143.5544623375
5,1,6,3,1,6,27030.6097611622,27030.9396433471,27155.4664251555
5,1,6,2,1,6,27030.6523728672,27030.9521587345,27149.5634814323
6,1,6,4,1,3,27030.7443313573,27031.0441172245,27149.6554399224
6,1,6,1,1,6,27030.7785314277,27031.0783172949,27149.6896399928
5,1,5,3,1,6,27030.8116430247,27031.1114288919,27149.7227515898
7,1,6,0,1,6,27030.819125947,27031.1189118143,27149.7302345121
5,1,5,2,1,2,27030.9110731222,27031.0820741909,27120.094404546
1,1,5,5,1,3,27031.2017083707,27031.3727094394,27120.3850397945
6,1,3,5,1,4,27031.3859319809,27031.6570700473,27144.3514851178
7,1,6,3,1,5,27031.7198841736,27032.081312745,27162.5221035952
5,1,4,5,1,4,27031.8048910868,27032.0760291532,27144.7704442237
7,1,6,2,1,6,27031.8481644278,27032.2095929993,27162.6503838494
6,1,6,3,1,4,27032.1042290994,27032.4040149666,27151.0153376645
6,1,6,2,1,6,27032.4008264908,27032.7307086757,27157.2574904841
6,1,6,3,1,6,27032.7689291468,27033.1303577182,27163.5711485684
5,1,5,5,1,4,27032.9352974866,27033.2350833539,27151.8464060517
1,1,6,5,1,3,27032.9360427883,27033.1299130663,27128.0649296404
5,1,5,5,1,2,27032.9594004538,27033.2033376864,27139.9793981624
5,1,6,5,1,6,27033.0221012377,27033.4165278187,27169.7698760876
6,1,3,5,1,5,27033.3979071492,27033.6976930164,27152.3090157143
6,1,4,1,1,1,27033.6689094158,27033.7984928975,27110.9611299831
7,1,6,3,1,6,27033.9200647589,27034.3144913398,27170.6678396087
4,1,6,2,1,6,27034.1621828229,27034.4333208893,27147.1277359597
6,1,3,1,1,2,27034.2976168888,27034.4272003705,27111.5898374561
5,1,5,5,1,6,27034.3541725692,27034.7156011406,27165.1563919908
6,1,3,4,1,5,27034.3686221721,27034.6397602385,27147.3341753089
7,1,3,3,1,2,27034.4805689804,27034.6744392584,27129.6094558324
6,1,3,4,1,3,27034.7352912059,27034.9534730241,27135.8097334862
7,1,5,5,1,3,27035.2307581641,27035.5606403491,27160.0874221575
6,1,3,2,1,1,27035.3232217652,27035.4528052469,27112.6154423325
7,1,6,5,1,5,27035.3507911329,27035.7796689027,27178.044121411
1,1,5,5,1,5,27035.6888316333,27035.9070134515,27136.7632739136
5,1,5,1,1,4,27035.8600585166,27036.0539287946,27130.9889453687
6,1,3,2,1,2,27036.1801772448,27036.3297498944,27119.4179532403
6,1,3,1,1,3,27036.3235488942,27036.4731215437,27119.5613248897
5,1,6,4,1,5,27036.7958881055,27037.1257702904,27161.6525520988
6,1,3,0,1,5,27036.8525979903,27037.0235990591,27126.0359294141
7,1,3,0,1,6,27036.8640424871,27037.0822243053,27137.9384847675
6,1,3,3,1,1,27036.9489863949,27037.0985590445,27120.1867623905
6,1,3,0,1,3,27037.0358317242,27037.1654152059,27114.3280522915
6,1,3,2,1,3,27037.0846508265,27037.2556518953,27126.2679822503
7,1,3,2,1,2,27037.2708278072,27037.441828876,27126.454159231
6,1,3,3,1,2,27037.3039009058,27037.4749019746,27126.4872323296
3,1,6,2,1,2,27037.504316321,27037.6538889706,27120.7420923166
6,1,3,5,1,2,27037.7713848872,27037.9895667053,27138.8458271675
5,1,5,5,1,5,27037.7833065909,27038.1131887758,27162.6399705842
6,1,3,1,1,6,27037.9521334493,27038.1703152674,27139.0265757296
7,1,5,3,1,2,27038.0165666671,27038.2605038997,27145.0365643757
6,1,3,2,1,4,27038.0313214097,27038.2251916876,27133.1602082617
6,1,3,0,1,4,27038.1837168395,27038.3332894891,27121.421492835
5,1,5,4,1,6,27038.2259976452,27038.5558798302,27163.0826616386
6,1,3,1,1,5,27038.7811495592,27038.9750198372,27133.9100364113
6,1,3,0,1,6,27038.7974006551,27038.9912709331,27133.9262875072
6,1,3,3,1,3,27038.8880434484,27039.0819137264,27134.0169303005
3,1,4,2,1,5,27038.9230223617,27039.0940234305,27128.1063537855
5,1,6,4,1,6,27039.2753615224,27039.6367900938,27170.077580944
6,1,3,3,1,4,27039.6581480569,27039.8763298751,27140.7325903373
5,1,2,5,1,4,27040.1379589732,27040.3561407914,27141.2124012535
2,1,5,5,1,3,27040.3156209716,27040.5094912496,27135.4445078237
5,1,2,4,1,4,27040.3842576799,27040.5781279579,27135.513144532
1,1,6,2,1,6,27040.3895818617,27040.5834521396,27135.5184687137
5,1,2,4,1,5,27040.6706483392,27040.8888301574,27141.7450906195
5,1,3,3,1,5,27040.7098789069,27040.9280607251,27141.7843211872
2,1,5,3,1,6,27040.8188211302,27041.0370029484,27141.8932634105
6,1,3,2,1,5,27040.8581390129,27041.0763208311,27141.9325812932
3,1,4,2,1,6,27040.8906295723,27041.0844998502,27136.0195164243
6,1,3,1,1,4,27041.03664291,27041.2076439787,27130.2199743338
2,1,5,1,1,2,27041.1959832044,27041.28989996,27106.5970929152
3,1,4,3,1,5,27041.2724952013,27041.4663654793,27136.4013820534
4,1,4,4,1,4,27041.379435077,27041.5976168952,27142.4538773573
5,1,3,1,1,2,27041.4034321281,27041.5144641565,27112.7500972671
2,1,5,4,1,4,27041.4072159184,27041.6010861964,27136.5361027705
4,1,3,2,1,6,27041.4328811105,27041.6267513885,27136.5617679626
7,1,6,4,1,3,27041.5068252587,27041.8367074436,27166.363489252
3,1,4,2,1,1,27041.5135103784,27041.607427134,27106.9146200892
5,1,2,5,1,3,27041.6208292865,27041.8146995644,27136.7497161385
3,1,4,0,1,3,27041.794495208,27041.8884119636,27107.1956049188
1,1,6,5,1,4,27042.0170966988,27042.235278517,27143.0915389791
4,1,3,5,1,3,27042.0557993337,27042.2496696117,27137.1846861858
2,1,6,5,1,3,27042.2679025937,27042.4860844119,27143.342344874
7,1,5,0,1,1,27042.3718555538,27042.5214282033,27125.6096315493
3,1,5,4,1,4,27042.3800919965,27042.5982738146,27143.4545342768
2,1,5,5,1,4,27042.3936477466,27042.6118295648,27143.4680900269
2,1,6,3,1,5,27042.4800787173,27042.6982605354,27143.5545209976
5,1,2,4,1,3,27042.5295473902,27042.7005484589,27131.712878814
5,1,5,1,1,2,27042.6001584371,27042.7497310867,27125.8379344327
7,1,2,3,1,6,27042.6669205401,27042.9380586064,27155.6324736769
6,1,3,2,1,6,27042.6991737404,27042.9431109729,27149.7191714489
5,1,3,2,1,5,27042.7343109489,27042.9281812269,27137.863197801
5,1,3,1,1,3,27042.7488646117,27042.8784480934,27120.041085179
5,1,1,3,1,6,27042.826170393,27043.020040671,27137.9550572451
2,1,5,2,1,2,27042.8367303497,27042.9477623781,27114.1833954887
5,1,2,1,1,2,27042.8569856759,27042.9509024315,27108.2580953867
2,1,5,4,1,3,27042.8640456681,27043.0350467368,27132.0473770919
7,1,3,3,1,5,27042.9675911326,27043.238729199,27155.9331442694
3,1,6,5,1,5,27042.9744265016,27043.2742123688,27161.8855350667
4,1,3,4,1,3,27042.9775529981,27043.1485540669,27132.1608844219
6,1,2,5,1,3,27043.0774955959,27043.295677414,27144.1519378762
3,1,6,5,1,3,27043.0876483961,27043.3315856287,27150.1076461047
5,1,4,5,1,2,27043.1004883975,27043.3186702157,27144.1749306778
3,1,4,4,1,5,27043.1034690982,27043.3216509164,27144.1779113785
1,1,5,3,1,4,27043.1457248449,27043.2952974945,27126.3835008404
7,1,5,2,1,1,27043.2079983184,27043.4018685964,27138.3368851705
7,1,2,5,1,4,27043.2341306524,27043.5052687188,27156.1996837893
1,1,5,3,1,1,27043.2354175115,27043.3293342671,27108.6365272223
7,1,2,4,1,5,27043.2395513411,27043.5106894075,27156.205104478
4,1,3,5,1,4,27043.4397976099,27043.6579794281,27144.5142398902
3,1,6,4,1,3,27043.5251795556,27043.7433613738,27144.5996218359
5,1,3,5,1,4,27043.5472857221,27043.7912229547,27150.5672834307
3,1,5,2,1,6,27043.6151682146,27043.8333500328,27144.6896104949
3,1,4,2,1,2,27043.6393398434,27043.7503718718,27114.9860049824
5,1,3,4,1,1,27043.7348938321,27043.8844664817,27126.9726698276
2,1,5,1,1,3,27043.850689094,27043.9617211224,27115.197354233
7,1,4,0,1,1,27043.8739987449,27044.0035822266,27121.1662193122
2,1,6,0,1,4,27043.9381534129,27044.0677368946,27121.2303739802
5,1,3,3,1,6,27043.9476378531,27044.1915750856,27150.9676355616
3,1,4,1,1,3,27044.0664556299,27044.1774876584,27115.413120769
2,1,6,4,1,1,27044.1991268834,27044.3486995329,27127.4369028789
5,1,3,2,1,2,27044.2492257579,27044.3788092395,27121.5414463251
6,1,3,5,1,6,27044.279137876,27044.6090200609,27169.1358018693
1,1,4,5,1,3,27044.3393269291,27044.4888995787,27127.5771029246
6,1,3,1,1,1,27044.3971160727,27044.5081481011,27115.7437812117
2,1,6,2,1,2,27044.4810852379,27044.6106687195,27121.7733058051
4,1,5,2,1,5,27044.4819265236,27044.7001083418,27145.5563688039
2,1,5,3,1,5,27044.5302103968,27044.7240806748,27139.6590972488
3,1,4,0,1,5,27044.5447164818,27044.6742999634,27121.8369370491
5,1,2,2,1,2,27044.6241057573,27044.7351377857,27115.9707708963
4,1,4,3,1,6,27044.6292585541,27044.8731957866,27151.6492562627
2,1,5,2,1,4,27044.6379033556,27044.7874760052,27127.8756793511
1,1,6,3,1,3,27044.6640844474,27044.813657097,27127.901860443
2,1,6,1,1,3,27044.691500535,27044.8210840167,27121.9837211023
3,1,4,1,1,1,27044.7272801515,27044.8055162823,27104.182834434
1,1,4,2,1,6,27044.8216202487,27044.9711928982,27128.0593962442
3,1,4,2,1,3,27044.9183303375,27045.0479138191,27122.2105509048
5,1,3,1,1,1,27044.9654331325,27045.0593498881,27110.3665428432
2,1,6,0,1,3,27044.9798743353,27045.0909063638,27116.3265394743
7,1,2,2,1,5,27045.0308526271,27045.2490344453,27146.1052949074
5,1,3,2,1,6,27045.0563514176,27045.2745332358,27146.1307936979
1,1,6,3,1,1,27045.0660326904,27045.1770647189,27116.4126978295
2,1,5,3,1,1,27045.1098968633,27045.2209288918,27116.4565620024
3,1,5,1,1,3,27045.2034408098,27045.3330242915,27122.4956613771
6,1,2,1,1,3,27045.2366658169,27045.3662492985,27122.5288863842
5,1,1,3,1,5,27045.2770151682,27045.448016237,27134.4603465921
1,1,5,5,1,1,27045.2958734104,27045.4254568921,27122.5880939777
5,1,3,5,1,1,27045.3443959106,27045.5153969794,27134.5277273344
4,1,4,2,1,2,27045.3727889673,27045.5023724489,27122.6650095346
6,1,5,0,1,3,27045.3786520777,27045.5496531465,27134.5619835015
3,1,4,3,1,2,27045.4370977028,27045.5666811845,27122.7293182701
2,1,6,0,1,6,27045.4548991182,27045.625900187,27134.638230542
6,1,4,4,1,3,27045.5144594786,27045.7583967111,27152.5344571871
4,1,3,3,1,1,27045.5427722285,27045.653804257,27116.8894373676
1,1,4,2,1,5,27045.6335881451,27045.7631716267,27122.9258087124
3,1,4,1,1,4,27045.6777419667,27045.8073254483,27122.969962534
7,1,2,2,1,6,27045.7328336819,27045.9767709144,27152.7528313905
5,1,2,2,1,3,27045.8211652194,27045.950748701,27123.1133857867
1,1,5,3,1,2,27045.8410732444,27045.9521052729,27117.1877383835
5,1,1,5,1,4,27045.8429775197,27046.0368477977,27140.9718643718
4,1,3,0,1,4,27045.8666607576,27045.9776927861,27117.2133258967
2,1,5,3,1,2,27045.9057005766,27046.0352840582,27123.1979211439
5,1,3,3,1,3,27045.9235519219,27046.0945529907,27135.1068833457
3,1,5,2,1,3,27045.9449445222,27046.0945171717,27129.1827205177
5,1,1,5,1,3,27045.9932377019,27046.1642387706,27135.1765691257
5,1,3,0,1,2,27046.0098320016,27046.1037487572,27111.4109417124
2,1,6,2,1,3,27046.0265897587,27046.1761624083,27129.2643657543
7,1,2,4,1,3,27046.0500985662,27046.2682803843,27147.1245408465
2,1,5,2,1,1,27046.1527175273,27046.2466342829,27111.5538272381
3,1,4,0,1,6,27046.2301092722,27046.3796819218,27129.4678852677
2,1,5,0,1,5,27046.2485736499,27046.3781571316,27123.5407942172
4,1,4,1,1,3,27046.2519503506,27046.3815338322,27123.5441709179
5,1,6,2,1,2,27046.261826081,27046.455696359,27141.3907129331
3,1,4,1,1,5,27046.3498102229,27046.4993828725,27129.5875862185
2,1,6,4,1,3,27046.3837465259,27046.5776168039,27141.5126333779
7,1,3,4,1,4,27046.4220311739,27046.6931692402,27159.3875843107
5,1,3,2,1,3,27046.4504018762,27046.5999745258,27129.6881778718
2,1,6,3,1,6,27046.4818498417,27046.7257870742,27153.5018475503
3,1,4,4,1,2,27046.5136870822,27046.6632597318,27129.7514630778
5,1,2,3,1,1,27046.5234277763,27046.6344598048,27117.8700929153
7,1,5,2,1,4,27046.5784371889,27046.8495752552,27159.5439903257
2,1,6,2,1,4,27046.6584202332,27046.829421302,27135.841751657
6,1,3,0,1,2,27046.6699648907,27046.7809969192,27118.0166300298
1,1,6,1,1,4,27046.7299357569,27046.8595192386,27124.0221563242
2,1,5,3,1,4,27046.749061398,27046.9200624667,27135.9323928218
5,1,2,0,1,4,27046.7523239539,27046.8633559824,27118.0989890929
2,1,6,1,1,4,27046.7972952098,27046.9468678593,27130.0350712053
5,1,1,2,1,6,27046.809810127,27046.9808111957,27135.9931415508
3,1,4,4,1,4,27046.8446654602,27047.0385357382,27141.9735523123
4,1,3,2,1,1,27046.8845111513,27046.9784279069,27112.2856208621
1,1,5,3,1,3,27046.8926533901,27047.0222368717,27124.1848739574
2,1,5,1,1,4,27046.8980776441,27047.0276611257,27124.1902982114
5,1,2,5,1,5,27046.9235563646,27047.1674935971,27153.9435540732
7,1,5,5,1,1,27046.9603840312,27047.2315220976,27159.9259371681
5,1,3,3,1,1,27046.9626524865,27047.0922359681,27124.2548730538
3,1,5,2,1,2,27046.9672273616,27047.0968108433,27124.2594479289
2,1,5,4,1,2,27046.9752687701,27047.1248414197,27130.2130447657
5,1,1,4,1,3,27046.9832385549,27047.1328112044,27130.2210145504
3,1,5,3,1,1,27047.0755070312,27047.2050905128,27124.3677275985
6,1,3,4,1,6,27047.0834299439,27047.3832158111,27165.9945385089
1,1,6,5,1,1,27047.0886690052,27047.2382416548,27130.3264450007
1,1,6,1,1,5,27047.1119761778,27047.2615488273,27130.3497521733
2,1,5,1,1,5,27047.1687527974,27047.318325447,27130.406528793
4,1,3,0,1,3,27047.2746912835,27047.3686080391,27112.6758009943
6,1,5,0,1,4,27047.2882760357,27047.4821463137,27142.4171628878
5,1,3,1,1,4,27047.2998936184,27047.4494662679,27130.5376696139
7,1,2,1,1,3,27047.306155541,27047.4557281905,27130.5439315365
3,1,5,1,1,4,27047.3068796822,27047.4564523318,27130.5446556777
5,1,5,1,1,1,27047.3071395217,27047.4367230033,27124.599360089
5,1,6,2,1,3,27047.3362223175,27047.5544041357,27148.4106645978
6,1,2,3,1,6,27047.3586478472,27047.6025850797,27154.3786455558
4,1,5,1,1,3,27047.3953337278,27047.5449063773,27130.6331097233
5,1,1,5,1,5,27047.4005378126,27047.6187196308,27148.4749800929
2,1,5,5,1,1,27047.4064839904,27047.55605664,27130.6442599859
5,1,1,4,1,5,27047.4333966161,27047.627266894,27142.5622834681
5,1,1,5,1,6,27047.4485323424,27047.6924695749,27154.468530051
5,1,2,0,1,5,27047.4558252878,27047.5854087695,27124.7480458551
5,1,6,1,1,1,27047.4677169746,27047.6172896242,27130.7054929701
3,1,5,0,1,2,27047.5052995704,27047.599216326,27112.9064092812
6,1,4,3,1,5,27047.5730293465,27047.8441674128,27160.5385824833
2,1,6,0,1,2,27047.6002110568,27047.6941278124,27113.0013207676
5,1,2,4,1,1,27047.6037064563,27047.733289938,27124.8959270236
4,1,3,5,1,1,27047.613858877,27047.7634315266,27130.8516348726
6,1,5,1,1,1,27047.6220675787,27047.7716402283,27130.8598435742
5,1,2,2,1,5,27047.6495854643,27047.8205865331,27136.8329168881
5,1,2,3,1,2,27047.6795259952,27047.8091094769,27124.9717465625
6,1,5,4,1,1,27047.6935760948,27047.911757913,27148.7680183752
3,1,5,4,1,1,27047.7241262984,27047.873698948,27130.961902294
3,1,6,1,1,3,27047.7662380891,27047.9158107387,27131.0040140846
3,1,5,3,1,6,27047.7891947598,27048.0331319923,27154.8091924683
4,1,3,0,1,6,27047.8147227689,27047.9642954185,27131.0524987644
5,1,1,2,1,5,27047.8807760699,27048.0303487195,27131.1185520655
4,1,5,1,1,4,27047.9340886722,27048.105089741,27137.117420096
5,1,3,2,1,4,27048.0184131473,27048.1894142161,27137.2017445711
7,1,4,1,1,1,27048.0365090298,27048.1860816793,27131.2742850253
2,1,6,0,1,5,27048.0413827966,27048.1909554462,27131.2791587922
5,1,3,0,1,5,27048.047573027,27048.1971456766,27131.2853490226
2,1,5,3,1,3,27048.0623977867,27048.2119704363,27131.3001737823
2,1,6,3,1,2,27048.0859742836,27048.2355469331,27131.3237502791
5,1,2,2,1,1,27048.1081929069,27048.2021096625,27113.5093026177
4,1,3,0,1,1,27048.1135248752,27048.1775134994,27101.6235237294
2,1,6,3,1,4,27048.1226879272,27048.3165582051,27143.2515747792
3,1,4,4,1,1,27048.1354377529,27048.2650212346,27125.4276583202
4,1,4,0,1,5,27048.1609160281,27048.3104886777,27131.3986920236
2,1,6,2,1,1,27048.2141552977,27048.3251873262,27119.5608204368
3,1,4,1,1,6,27048.2307283105,27048.4017293793,27137.4140597343
5,1,2,4,1,2,27048.2598781151,27048.4094507647,27131.4976541106
4,1,3,4,1,2,27048.2864662899,27048.4360389395,27131.5242422854
5,1,3,0,1,4,27048.2947548042,27048.4243382859,27125.5869753715
4,1,3,3,1,2,27048.3115146147,27048.4410980963,27125.603735182
3,1,4,2,1,4,27048.3432073305,27048.4927799801,27131.580983326
3,1,5,0,1,5,27048.3558081209,27048.5053807705,27131.5935841164
4,1,4,2,1,1,27048.364353928,27048.4753859565,27119.7110190671
4,1,3,2,1,5,27048.393312769,27048.5643138377,27137.5766441928
5,1,2,5,1,1,27048.4253719961,27048.5749446457,27131.6631479916
5,1,3,4,1,3,27048.452890418,27048.646760696,27143.58177727
3,1,5,0,1,4,27048.5473854592,27048.6769689409,27125.8396060265
5,1,2,0,1,3,27048.552150445,27048.6460672006,27113.9532601558
2,1,5,1,1,1,27048.56669208,27048.6449282109,27108.0222463626
5,1,2,3,1,3,27048.5836711397,27048.7332437893,27131.8214471353
5,1,3,0,1,3,27048.6166500644,27048.7276820929,27119.9633152034
5,1,2,0,1,6,27048.639288361,27048.7888610106,27131.8770643566
7,1,3,0,1,4,27048.6958757005,27048.8668767693,27137.8792071243
1,1,6,3,1,4,27048.7347671515,27048.9057682203,27137.9180985753
5,1,4,3,1,4,27048.7540430833,27048.9722249014,27149.8284853636
6,1,3,0,1,1,27048.7636094494,27048.857526205,27114.1647191601
6,1,5,0,1,6,27048.7798348333,27049.0237720658,27155.7998325418
1,1,6,1,1,6,27048.824862742,27048.9958638108,27138.0081941658
2,1,5,1,1,6,27048.8588412533,27049.029842322,27138.0421726771
1,1,4,4,1,6,27048.8639529003,27049.0578231783,27143.9928397524
4,1,6,1,1,1,27048.8868649487,27049.0164484304,27126.179085516
5,1,3,4,1,2,27048.9169205653,27049.087921634,27138.1002519891
2,1,5,0,1,4,27048.9579620971,27049.0689941256,27120.3046272361
1,1,6,3,1,2,27048.9743188681,27049.1039023498,27126.2665394354
4,1,3,2,1,4,27048.9778057919,27049.1273784414,27132.2155817874
7,1,5,1,1,1,27048.999689329,27049.1706903978,27138.1830207528
3,1,5,0,1,3,27049.0401050493,27049.1511370777,27120.3867701883
5,1,2,5,1,2,27049.0826484599,27049.2536495287,27138.2659798837
4,1,3,0,1,2,27049.0839825802,27049.162218711,27108.5395368627
3,1,5,5,1,1,27049.0894491846,27049.2604502533,27138.2727806084
6,1,6,1,1,3,27049.1405288603,27049.3587106785,27150.2149711406
7,1,3,3,1,1,27049.1501546276,27049.3211556964,27138.3334860514
3,1,5,1,1,5,27049.1936691462,27049.3646702149,27138.37700057
2,1,6,5,1,1,27049.2817577381,27049.4527588069,27138.4650891619
1,1,4,3,1,1,27049.3027920039,27049.3810281347,27108.7583462864
5,1,3,1,1,5,27049.3172694873,27049.4882705561,27138.5006009111
5,1,4,0,1,4,27049.350266836,27049.4998394856,27132.5880428316
3,1,5,4,1,2,27049.3666239653,27049.537625034,27138.5499553891
1,1,6,4,1,6,27049.3807913709,27049.6247286035,27156.4007890795
5,1,6,1,1,4,27049.3927688049,27049.6109506231,27150.4672110852
7,1,4,3,1,5,27049.402131073,27049.7019169403,27168.3132396381
3,1,5,2,1,1,27049.4755286488,27049.5865606773,27120.8221937879
5,1,2,1,1,5,27049.4853641223,27049.6349367718,27132.7231401178
5,1,2,1,1,6,27049.4962343235,27049.6672353922,27138.6795657473
7,1,4,3,1,4,27049.5989413718,27049.8700794382,27162.5644945086
7,1,3,1,1,1,27049.6204289896,27049.7500124712,27126.9126495569
4,1,3,1,1,1,27049.6328934148,27049.7111295457,27109.0884476974
1,1,4,0,1,4,27049.6542699521,27049.7325060829,27109.1098242346
3,1,6,4,1,1,27049.7161269987,27049.8871280675,27138.8994584225
6,1,5,5,1,1,27049.731368775,27049.9753060075,27156.7513664836
4,1,6,0,1,3,27049.7431617105,27049.89273436,27132.980937706
4,1,5,0,1,5,27049.7604424193,27049.931443488,27138.9437738431
2,1,5,2,1,5,27049.7810798649,27049.9520809336,27138.9644112887
4,1,6,2,1,3,27049.7824454654,27049.9763157434,27144.9113323175
4,1,4,3,1,2,27049.8425657728,27049.9921384223,27133.0803417683
7,1,6,1,1,2,27049.9280200732,27050.1462018914,27151.0024623535
2,1,5,4,1,1,27049.9300741902,27050.0596576719,27127.2222947575
5,1,3,3,1,4,27049.9346215907,27050.1284918687,27145.0635084427
7,1,2,0,1,4,27049.9555442235,27050.105116873,27133.193320219
7,1,4,1,1,2,27050.0291231344,27050.2001242031,27139.2124545582
5,1,3,3,1,2,27050.0622079977,27050.2117806472,27133.2999839932
5,1,6,0,1,2,27050.0801692681,27050.2297419177,27133.3179452636
2,1,6,1,1,5,27050.1172375836,27050.2882386524,27139.3005690074
5,1,2,2,1,4,27050.1334967137,27050.2830693633,27133.3712727093
5,1,2,3,1,4,27050.1619594801,27050.3329605489,27139.3452909039
3,1,4,5,1,2,27050.171777459,27050.3427785277,27139.3551088828
3,1,5,3,1,2,27050.2006815779,27050.3502542275,27133.4384575735
5,1,2,3,1,6,27050.2371351091,27050.4553169273,27151.3115773895
6,1,6,1,1,1,27050.2635500298,27050.4345510986,27139.4468814536
5,1,3,0,1,6,27050.328716849,27050.4997179178,27139.5120482728
4,1,4,1,1,6,27050.3787281368,27050.5725984148,27145.5076149888
5,1,2,1,1,4,27050.3868027665,27050.5163862482,27127.6790233338
6,1,4,4,1,4,27050.3957371967,27050.6668752631,27163.3612903335
5,1,1,2,1,2,27050.445955331,27050.5398720866,27115.8470650418
5,1,1,1,1,3,27050.4544457992,27050.5483625548,27115.85555551
7,1,6,1,1,1,27050.4590789026,27050.6529491806,27145.5879657547
4,1,6,4,1,1,27050.5094655512,27050.7033358291,27145.6383524032
6,1,4,0,1,4,27050.5404024509,27050.7114035197,27139.7237338747
4,1,5,0,1,3,27050.5758657728,27050.7054492545,27127.8680863401
6,1,2,2,1,6,27050.5777745898,27050.795956408,27151.6522168701
5,1,2,0,1,2,27050.5863409461,27050.6645770769,27110.0418952286
6,1,6,0,1,6,27050.6156540335,27050.8867920999,27163.5812071703
7,1,5,3,1,1,27050.6261913001,27050.8443731183,27151.7006335805
5,1,4,0,1,3,27050.6611153842,27050.7906988658,27127.9533359515
6,1,2,4,1,3,27050.6825567211,27050.8764269991,27145.8114435732
5,1,2,1,1,1,27050.6870498633,27050.7652859941,27110.1426041458
7,1,2,5,1,6,27050.7308349204,27051.0607171053,27175.5874989137
5,1,2,3,1,5,27050.7349226457,27050.9287929237,27145.8638094978
5,1,3,1,1,6,27050.7398929662,27050.9337632442,27145.8687798182
4,1,3,2,1,3,27050.7494410111,27050.8790244927,27128.0416615783
4,1,3,4,1,4,27050.7494771366,27050.9433474146,27145.8783639887
7,1,3,1,1,2,27050.7551635952,27050.9047362447,27133.9929395907
6,1,2,4,1,6,27050.7597032645,27051.0308413308,27163.7252564013
6,1,5,0,1,5,27050.7728060055,27050.9909878236,27151.8472482858
7,1,3,0,1,1,27050.7892116635,27050.9002436919,27122.1358768025
4,1,4,0,1,2,27050.795405674,27050.8893224296,27116.1965153847
7,1,2,4,1,4,27050.8213843441,27051.0653215766,27157.8413820527
6,1,5,0,1,2,27050.89199641,27051.0415690596,27134.1297724055
3,1,5,1,1,6,27050.9347743143,27051.1286445923,27146.0636611664
7,1,4,1,1,4,27050.9377208738,27051.155902692,27152.0121631541
7,1,5,1,1,2,27050.9526766582,27051.1465469362,27146.0815635102
2,1,6,1,1,6,27050.9584551263,27051.1523254043,27146.0873419783
4,1,5,0,1,6,27051.0185330566,27051.2124033346,27146.1474199086
3,1,6,2,1,3,27051.0654887553,27051.236489824,27140.2488201791
3,1,5,0,1,6,27051.0811939981,27051.2521950669,27140.2645254219
5,1,4,2,1,5,27051.0932491801,27051.3114309982,27152.1676914604
3,1,5,1,1,1,27051.1071435486,27051.2010603042,27116.5082532594
6,1,2,4,1,5,27051.1209387807,27051.3648760132,27158.1409364893
2,1,6,2,1,6,27051.1408269098,27051.359008728,27152.2152691901
6,1,2,4,1,1,27051.2284802762,27051.3780529258,27134.4662562718
7,1,2,0,1,3,27051.2695401617,27051.3991236433,27128.561760729
4,1,3,1,1,4,27051.2735530463,27051.4031365279,27128.5657736136
4,1,5,1,1,5,27051.2785225305,27051.4723928085,27146.4074093825
3,1,6,3,1,2,27051.3031275189,27051.4741285877,27140.4864589427
5,1,2,2,1,6,27051.3103186354,27051.5041889134,27146.4392054874
3,1,4,3,1,3,27051.3130949343,27051.4626675839,27134.5508709298
7,1,2,3,1,2,27051.3869374175,27051.5579384863,27140.5702688413
4,1,6,0,1,4,27051.3921891162,27051.5631901849,27140.57552054
3,1,6,5,1,1,27051.4275061081,27051.6213763861,27146.5563929602
1,1,4,5,1,1,27051.4487890809,27051.5598211094,27122.7954542199
7,1,2,5,1,1,27051.4816574785,27051.6755277565,27146.6105443306
6,1,2,1,1,1,27051.5194002477,27051.6133170033,27116.9205099585
6,1,2,5,1,4,27051.5573241602,27051.8012613927,27158.5773218687
4,1,3,0,1,5,27051.5972593696,27051.7268428513,27128.8894799369
4,1,5,5,1,1,27051.6038350594,27051.7977053374,27146.7327219114
7,1,4,1,1,5,27051.6259959171,27051.8699331496,27158.6459936256
6,1,2,2,1,5,27051.7101628053,27051.9040330833,27146.8390496574
7,1,2,2,1,1,27051.7398793256,27051.8694628073,27129.0320998929
1,1,4,0,1,6,27051.7434840757,27051.8545161042,27123.0901492147
7,1,2,1,1,5,27051.7716913095,27051.9655615874,27146.9005781615
2,1,5,2,1,6,27051.8204496878,27052.0143199658,27146.9493365399
2,1,6,3,1,3,27051.8472248185,27052.0182258873,27141.0305562423
7,1,5,0,1,2,27051.8949829217,27052.0659839904,27141.0783143455
4,1,6,0,1,5,27051.9102792176,27052.1041494956,27147.0391660696
3,1,5,5,1,2,27051.912428151,27052.1062984289,27147.041315003
5,1,1,2,1,3,27052.0060816718,27052.1171137002,27123.3527468108
7,1,2,0,1,6,27052.0292594558,27052.2231297338,27147.1581463079
4,1,6,2,1,4,27052.0705840717,27052.2887658899,27153.1450263521
7,1,1,0,1,1,27052.0962105685,27052.1744466993,27111.551764851
4,1,6,2,1,1,27052.1508835147,27052.3004561643,27135.3886595103
3,1,5,5,1,6,27052.1715337485,27052.4713196157,27171.0826423136
3,1,6,1,1,1,27052.1910862066,27052.3021182351,27123.5377513457
3,1,5,2,1,4,27052.2781942116,27052.4491952804,27141.4615256354
5,1,1,3,1,2,27052.2818755225,27052.3929075509,27123.6285406615
3,1,6,5,1,2,27052.2888909265,27052.5070727447,27153.3633332068
6,1,5,0,1,1,27052.4126745362,27052.5422580178,27129.7048951035
5,1,2,1,1,3,27052.4986247395,27052.609656768,27123.8452898785
7,1,2,1,1,6,27052.5123180065,27052.7304998247,27153.5867602868
7,1,2,4,1,2,27052.56073025,27052.754600528,27147.6896171021
6,1,6,0,1,2,27052.6216934678,27052.7926945365,27141.8050248916
6,1,4,0,1,3,27052.7082277355,27052.857800385,27135.946003731
6,1,2,5,1,1,27052.7312774372,27052.902278506,27141.914608861
5,1,1,3,1,1,27052.7558503933,27052.8497671489,27118.1569601041
7,1,2,1,1,4,27052.7608930566,27052.9318941254,27141.9442244804
7,1,4,1,1,6,27052.8007748301,27053.0719128965,27165.7663279669
5,1,1,4,1,1,27052.8156118541,27052.9266438825,27124.1622769931
4,1,6,5,1,1,27052.8523122527,27053.0704940709,27153.926754533
6,1,2,4,1,2,27052.8672775146,27053.0382785833,27142.0506089384
3,1,5,1,1,2,27052.9881543274,27053.0991863558,27124.3348194664
3,1,4,3,1,4,27053.0187008419,27053.1897019106,27142.2020322657
6,1,4,0,1,2,27053.0335044485,27053.1630879302,27130.3257250158
4,1,5,1,1,6,27053.0343979893,27053.2525798075,27154.1088402696
5,1,4,0,1,2,27053.0680985626,27053.1791305911,27124.4147637016
7,1,2,5,1,2,27053.0877128995,27053.3058947177,27154.1621551798
4,1,6,0,1,6,27053.1005285647,27053.3187103829,27154.174970845
3,1,6,0,1,4,27053.1033628062,27053.2529354558,27136.3411388018
1,1,4,1,1,6,27053.1082552401,27053.2378387217,27130.4004758074
6,1,4,0,1,1,27053.1283260901,27053.2393581186,27124.4749912292
5,1,1,0,1,5,27053.2390682788,27053.3501003073,27124.5857334179
6,1,4,4,1,2,27053.3526818493,27053.5708636675,27154.4271241296
5,1,1,0,1,4,27053.5522468818,27053.6461636374,27118.9533565926
6,1,2,1,1,2,27053.5979441909,27053.7089762194,27124.9446093299
4,1,5,0,1,2,27053.6412856576,27053.7523176861,27124.9879507966
7,1,2,1,1,2,27053.7182116638,27053.8477951455,27131.0104322311
4,1,3,1,1,6,27053.7313981967,27053.9023992654,27142.9147296205
5,1,1,4,1,2,27053.8677881713,27053.9973716529,27131.1600087386
4,1,6,3,1,5,27053.9696370518,27054.2407751181,27166.9351901886
4,1,6,4,1,4,27054.0159309292,27054.2870689956,27166.981484066
7,1,3,1,1,6,27054.0716113501,27054.3155485827,27161.0916090587
7,1,2,0,1,1,27054.0886059992,27054.1825227548,27119.48971571
7,1,3,3,1,4,27054.0970301015,27054.340967334,27161.1170278101
5,1,1,3,1,3,27054.1081693658,27054.2377528475,27131.4003899331
5,1,1,5,1,1,27054.118643071,27054.2482265527,27131.4108636383
5,1,1,4,1,4,27054.1568355377,27054.3278366064,27143.3401669615
3,1,6,0,1,3,27054.2171422891,27054.3467257708,27131.5093628564
5,1,1,2,1,4,27054.220953919,27054.3505374007,27131.5131744863
6,1,2,2,1,2,27054.2230615965,27054.3526450782,27131.5152821638
2,1,4,4,1,6,27054.2939178746,27054.5120996928,27155.3683601549
5,1,1,5,1,2,27054.3544731101,27054.5040457596,27137.5922491056
7,1,3,4,1,2,27054.444979033,27054.6631608512,27155.5194213133
3,1,6,3,1,3,27054.4915182797,27054.6853885577,27149.6204051317
5,1,1,0,1,6,27054.5543385198,27054.6839220015,27131.8465590871
4,1,6,3,1,6,27054.5605930566,27054.8603789239,27173.4717016217
4,1,6,0,1,2,27054.6027808542,27054.7323643359,27131.8950014215
4,1,6,3,1,4,27054.6536955052,27054.8976327377,27161.6736932138
4,1,6,3,1,3,27054.7789475024,27054.9971293206,27155.8533897827
5,1,1,1,1,6,27054.8423138025,27054.9918864521,27138.0800897981
5,1,1,2,1,1,27054.9118905458,27054.9901266767,27114.3674448283
7,1,6,0,1,2,27055.0167029898,27055.2105732678,27150.1455898419
3,1,6,1,1,2,27055.1486227784,27055.27820626,27132.4408433457
5,1,1,1,1,5,27056.0521770025,27056.1817604842,27133.3443975698
5,1,1,0,1,3,27056.1285259912,27056.206762122,27115.5840802737
5,1,1,3,1,4,27056.1347831476,27056.2843557972,27139.3725591432
5,1,1,4,1,6,27056.1736077183,27056.3917895365,27157.2480499986
6,1,2,3,1,3,27056.1851003087,27056.3561013774,27145.3684317325
6,1,2,3,1,1,27056.2269018933,27056.356485375,27133.5191224606
6,1,2,2,1,3,27056.3649033767,27056.5144760262,27139.6026793722
6,1,2,2,1,4,27056.3970235791,27056.5680246478,27145.5803550029
6,1,2,4,1,4,27056.5767058273,27056.7948876455,27157.6511481076
7,1,4,2,1,6,27056.6293601725,27056.9291460397,27175.5404687375
7,1,4,5,1,5,27056.716845381,27057.0782739524,27187.5190648025
2,1,4,2,1,6,27056.7544745588,27056.9254756276,27145.9378059826
3,1,6,3,1,5,27056.8352280616,27057.0791652941,27163.8552257702
2,1,4,4,1,4,27056.8425214542,27057.0135225229,27146.025852878
6,1,2,0,1,5,27057.0155821041,27057.1651547536,27140.2533580996
1,1,3,3,1,5,27057.1009946185,27057.2305781001,27134.3932151858
5,1,4,2,1,4,27057.2799753831,27057.4738456611,27152.4088622352
7,1,3,1,1,3,27057.2968164947,27057.4678175635,27146.4801479186
6,1,2,0,1,4,27057.3127029703,27057.442286452,27134.6049235376
5,1,1,1,1,4,27057.4891227857,27057.6001548142,27128.8357879248
1,1,3,4,1,3,27057.6246869927,27057.7357190211,27128.9713521317
6,1,1,0,1,1,27057.7846624157,27057.8486510399,27111.2946612699
1,1,3,2,1,6,27058.0318894959,27058.1614729776,27135.3241100632
6,1,2,0,1,6,27058.3032628068,27058.4742638756,27147.4865942306
6,1,2,3,1,4,27058.4772398394,27058.6711101173,27153.6061266914
6,1,2,1,1,6,27058.530225174,27058.724095452,27153.659112026
1,1,3,4,1,5,27058.6581103805,27058.8076830301,27141.8958863761
6,1,2,3,1,5,27058.6837109624,27058.9018927806,27159.7581532428
1,1,3,3,1,6,27058.776719021,27058.9262916706,27142.0144950166
6,1,2,2,1,1,27058.7904609511,27058.9014929796,27130.1371260901
7,1,1,4,1,3,27059.0209333703,27059.2148036482,27154.1498202223
5,1,6,0,1,1,27059.1850565728,27059.3146400545,27136.4772771401
6,1,2,5,1,2,27059.4284389979,27059.6223092759,27154.55732585
6,1,2,0,1,3,27059.9626268762,27060.0736589046,27131.3092920152
6,1,2,3,1,2,27060.0860923621,27060.2356650117,27143.3238683577
6,1,4,5,1,6,27060.4742865068,27060.8357150783,27191.2765059284
1,1,2,5,1,5,27060.655257197,27060.8048298466,27143.8930331925
5,1,1,1,1,1,27060.7498676786,27060.8138563028,27114.2598665329
5,1,2,5,1,6,27060.7505337823,27061.0216718486,27173.7160869191
5,1,1,0,1,1,27060.8786061391,27060.929778847,27108.4430495652
5,1,1,0,1,2,27060.9942565496,27061.0582451739,27114.5042554039
6,1,2,1,1,4,27061.0368689247,27061.1864415742,27144.2746449202
2,1,2,4,1,3,27062.2804669129,27062.3914989413,27133.6271320519
1,1,3,2,1,5,27062.5232419283,27062.6342739567,27133.8699070673
2,1,2,2,1,5,27062.5726860177,27062.6837180462,27133.9193511568
7,1,1,4,1,6,27062.7419662137,27063.0131042801,27175.7075193506
1,1,4,5,1,5,27062.7958763691,27062.9897466471,27157.9247632212
1,1,3,5,1,3,27062.9186776785,27063.0482611601,27140.2108982458
6,1,2,5,1,6,27062.9581682367,27063.2579541039,27181.8692768017
1,1,2,4,1,3,27063.0236828689,27063.1175996245,27128.4247925797
1,1,2,2,1,5,27063.1834288533,27063.2773456089,27128.5845385641
5,1,1,1,1,2,27063.2260170967,27063.3042532276,27122.6815713793
2,1,2,2,1,6,27063.350154527,27063.4797380087,27140.6423750943
2,1,2,5,1,3,27063.4375049405,27063.5670884222,27140.7297255078
4,1,1,5,1,3,27063.4644281162,27063.6140007658,27146.7022041117
3,1,1,4,1,3,27063.6277687505,27063.738800779,27134.9744338896
4,1,1,3,1,5,27063.6327510176,27063.7823236672,27146.8705270132
2,1,2,4,1,4,27063.6696329449,27063.7992164265,27140.9618535121
1,1,2,2,1,6,27063.6994483364,27063.8104803649,27135.0461134755
1,1,2,5,1,3,27063.7776148896,27063.8886469181,27135.1242800286
1,1,2,3,1,5,27063.9683837191,27064.0794157476,27135.3150488581
3,1,1,2,1,5,27064.0485617101,27064.1595937385,27135.3952268491
3,1,1,2,1,6,27064.0832885963,27064.212872078,27141.3755091636
2,1,3,4,1,3,27064.1244875904,27064.254071072,27141.4167081577
2,1,4,5,1,5,27064.2755223062,27064.4937041244,27165.3499645865
6,1,5,2,1,6,27064.294095853,27064.5938817203,27183.2052044181
3,1,1,5,1,3,27064.3111150242,27064.4406985059,27141.6033355915
2,1,3,2,1,5,27064.3729406663,27064.502524148,27141.6651612336
3,1,2,2,1,5,27064.4383534654,27064.5679369471,27141.7305740327
3,1,1,3,1,5,27064.4946162332,27064.6241997149,27141.7868368005
4,1,1,4,1,3,27064.5891495908,27064.7187330724,27141.8813701581
3,1,1,4,1,4,27064.640614478,27064.7701979596,27141.9328350453
6,1,2,0,1,2,27064.6615586404,27064.755475396,27130.0626683512
1,1,3,3,1,1,27064.6878777681,27064.7518663924,27118.1978766224
6,1,2,0,1,1,27064.7621837956,27064.8404199265,27124.2177380782
3,1,1,5,1,4,27064.8209808064,27064.9705534559,27148.0587568019
1,1,4,4,1,3,27064.9833208427,27065.1129043243,27142.27554141
3,1,2,5,1,3,27065.1104975583,27065.2600702078,27148.3482735538
2,1,3,2,1,6,27065.2476639487,27065.3972365982,27148.4854399442
7,1,3,3,1,3,27065.2538173351,27065.4719991533,27166.3282596154
2,1,3,5,1,3,27065.2786662474,27065.428238897,27148.516442243
2,1,2,3,1,6,27065.3631226835,27065.5126953331,27148.6008986791
2,1,3,3,1,5,27065.369078389,27065.5186510385,27148.6068543845
3,1,5,0,1,1,27065.4376256403,27065.5158617711,27124.8931799228
2,1,3,4,1,4,27065.4378964378,27065.5874690874,27148.6756724333
7,1,1,2,1,5,27065.4519277497,27065.6457980277,27160.5808146017
4,1,1,5,1,4,27065.5141960465,27065.6851971153,27154.6975274703
4,1,1,3,1,6,27065.6009882785,27065.7719893472,27154.7843197023
6,1,6,0,1,1,27065.6968591682,27065.8464318178,27148.9346351637
4,1,2,4,1,3,27065.7071210466,27065.8566936962,27148.9448970421
3,1,2,2,1,6,27065.9704972892,27066.1200699387,27149.2082732847
1,1,2,5,1,4,27065.9767332151,27066.1063166968,27143.2689537824
4,1,2,2,1,5,27065.9923508037,27066.1419234532,27149.2301267992
2,1,4,4,1,3,27066.1199872318,27066.2695598814,27149.3577632274
4,1,3,1,1,2,27066.234248973,27066.3281657286,27131.6353586838
1,1,2,4,1,5,27066.2520727929,27066.3816562745,27143.5442933602
1,1,3,5,1,1,27066.313553523,27066.4074702786,27131.7146632338
3,1,1,4,1,5,27066.3561977513,27066.5057704009,27149.5939737469
1,1,4,4,1,4,27066.3656771426,27066.5152497922,27149.6034531381
3,1,3,2,1,5,27066.3765351936,27066.5261078432,27149.6143111891
2,1,2,1,1,2,27066.4031401286,27066.4543128365,27113.9675835546
3,1,1,3,1,6,27066.5320339834,27066.681606633,27149.769809979
4,1,2,2,1,6,27066.6538817141,27066.8248827828,27155.8372131379
4,1,2,5,1,3,27066.7540855661,27066.9250866349,27155.9374169899
7,1,4,3,1,3,27066.7615806806,27067.0055179131,27173.7815783891
7,1,2,3,1,3,27066.8328530859,27067.0267233638,27161.9617399379
4,1,2,3,1,5,27066.8539000819,27067.0249011507,27156.0372315057
4,1,1,2,1,6,27066.912879106,27067.0624517556,27150.1506551016
4,1,2,4,1,4,27066.933345617,27067.1043466858,27156.1166770408
7,1,4,5,1,1,27067.1553115996,27067.3992488321,27174.1753093082
4,1,5,2,1,1,27067.1896032192,27067.3191867009,27144.4818237865
3,1,3,2,1,6,27067.2104361637,27067.3814372325,27156.3937675875
2,1,4,5,1,3,27067.2121928782,27067.3831939469,27156.395524302
2,1,4,3,1,5,27067.2984801267,27067.4694811955,27156.4818115505
2,1,3,3,1,6,27067.3311467363,27067.5021478051,27156.5144781601
2,1,2,4,1,6,27067.3451368243,27067.516137893,27156.5284682481
2,1,3,5,1,4,27067.3683298612,27067.53933093,27156.551661285
7,1,1,2,1,6,27067.4111898123,27067.6293716305,27168.4856320926
2,1,3,4,1,5,27067.4961106992,27067.6671117679,27156.679442123
3,1,4,0,1,4,27067.542118382,27067.6531504104,27138.888783521
4,1,5,3,1,1,27067.5504612454,27067.700033895,27150.7882372409
1,1,5,4,1,3,27067.6068288484,27067.7564014979,27150.8446048439
6,1,5,3,1,3,27067.7048041308,27067.9487413633,27174.7248018394
1,1,2,2,1,1,27067.7608765516,27067.8006634077,27109.3797645494
1,1,5,2,1,5,27067.7718691475,27067.9214417971,27151.009645143
2,1,2,2,1,1,27067.8035447183,27067.8547174262,27115.3679881444
6,1,5,3,1,5,27067.8361282269,27068.1359140941,27186.747236792
2,1,3,1,1,2,27067.8538698813,27067.9178585056,27121.3638687356
1,1,2,2,1,3,27067.8579843788,27067.9219730031,27121.3679832331
1,1,2,3,1,1,27067.8725673793,27067.9237400872,27115.4370108053
1,1,2,0,1,4,27067.8862504141,27067.937423122,27115.4506938401
3,1,1,5,1,5,27067.8958272423,27068.0668283111,27157.0791586661
3,1,2,1,1,2,27067.9226842874,27067.9866729117,27121.4326831417
2,1,2,3,1,5,27067.9286302212,27068.0582137029,27145.2208507885
2,1,4,4,1,1,27067.9421689051,27068.0532009336,27139.2888340442
3,1,1,4,1,6,27067.9847118963,27068.1557129651,27157.1680433201
5,1,4,0,1,1,27067.9893739322,27068.0832906878,27133.390483643
3,1,4,4,1,3,27067.9944972058,27068.1654982746,27157.1778286296
3,1,1,1,1,2,27068.0018690455,27068.0530417534,27115.5663124715
1,1,3,2,1,1,27068.0208252305,27068.0719979384,27115.5852686565
3,1,3,3,1,5,27068.0912916579,27068.2622927267,27157.2746230817
1,1,3,1,1,6,27068.0971794344,27068.2082114629,27139.4438445735
1,1,2,0,1,3,27068.1287097224,27068.1684965786,27109.7475977202
7,1,1,3,1,3,27068.1966035968,27068.3676046656,27157.3799350206
2,1,2,3,1,1,27068.2402842576,27068.3042728818,27121.7502831119
4,1,1,5,1,5,27068.2425680852,27068.4364383632,27163.3714549373
2,1,2,0,1,3,27068.255678087,27068.3068507949,27115.820121513
2,1,2,0,1,4,27068.2623175982,27068.3263062224,27121.7723164525
1,1,3,0,1,4,27068.3273324809,27068.3913211051,27121.8373313351
2,1,2,2,1,2,27068.4777784176,27068.5417670418,27121.9877772719
1,1,2,1,1,1,27068.4919612753,27068.5217908208,27104.1652938448
1,1,3,0,1,3,27068.5211383687,27068.5723110766,27116.0855817948
2,1,3,4,1,6,27068.6542155022,27068.8480857801,27163.7831023542
1,1,2,0,1,2,27068.6619034274,27068.6917329728,27104.3352359969
4,1,2,3,1,6,27068.6971206966,27068.8909909745,27163.8260075486
4,1,5,2,1,2,27068.7622672345,27068.911839884,27152.00004323
6,1,6,1,1,2,27068.7896143483,27068.9834846263,27163.9185012003
4,1,2,5,1,4,27068.8043330905,27068.9982033685,27163.9332199426
1,1,5,2,1,6,27068.8116987302,27068.9826997989,27157.995030154
4,1,6,3,1,1,27068.8891152722,27069.060116341,27158.072446696
1,1,2,0,1,1,27068.955433117,27068.9767323715,27098.6832102582
2,1,2,1,1,1,27068.9675641167,27069.0073509728,27110.5864521145
7,1,1,3,1,4,27069.0957329099,27069.2896031879,27164.2246197619
1,1,6,2,1,5,27069.1423604056,27069.3133614744,27158.3256918294
2,1,2,0,1,2,27069.2201802968,27069.2599671529,27110.8390682946
7,1,6,5,1,1,27069.2449966241,27069.5447824913,27188.1561051891
1,1,3,1,1,1,27069.2628217577,27069.3026086138,27110.8817097554
4,1,4,4,1,3,27069.2756855057,27069.4695557837,27164.4045723578
2,1,4,3,1,6,27069.2947830432,27069.4886533212,27164.4236698953
2,1,4,5,1,4,27069.2989433463,27069.4928136243,27164.4278301984
3,1,1,0,1,4,27069.3044395777,27069.3684282019,27122.814438432
3,1,1,3,1,1,27069.336528141,27069.4005167652,27122.8465269953
1,1,6,4,1,3,27069.3485796145,27069.5195806833,27158.5319110383
7,1,1,4,1,5,27069.4525692327,27069.6965064653,27176.4725669413
3,1,2,2,1,1,27069.5045504681,27069.5685390923,27123.0145493224
1,1,3,0,1,2,27069.5231338091,27069.5629206652,27111.1420218069
1,1,2,0,1,5,27069.5690044973,27069.6329931215,27123.0790033516
3,1,1,3,1,4,27069.5801195151,27069.6911515436,27140.9267846541
3,1,1,2,1,1,27069.5875548361,27069.638727544,27117.1519982621
4,1,4,2,1,5,27069.5930288745,27069.7868991524,27164.7219157265
3,1,4,1,1,2,27069.6289147931,27069.7228315487,27135.0300245039
1,1,2,4,1,1,27069.6714137406,27069.7354023648,27123.1814125949
2,1,4,4,1,5,27069.6826510613,27069.8765213393,27164.8115379133
7,1,1,5,1,4,27069.6910200668,27069.9349572993,27176.7110177753
2,1,2,5,1,6,27069.8247011543,27070.0185714323,27164.9535880064
2,1,2,0,1,5,27069.8463384832,27069.9245746141,27129.3018927658
3,1,1,2,1,2,27069.8606593454,27069.9246479696,27123.3706581997
1,1,2,0,1,6,27069.8870124599,27069.9652485908,27129.3425667424
3,1,2,0,1,3,27069.8873726471,27069.9513612713,27123.3973715014
1,1,2,1,1,4,27069.8903882357,27069.95437686,27123.40038709
3,1,1,1,1,3,27069.9032506909,27069.9672393152,27123.4132495452
2,1,3,0,1,3,27069.9213710031,27069.9853596274,27123.4313698574
2,1,3,2,1,1,27069.9247317268,27069.9887203511,27123.4347305811
1,1,3,0,1,5,27069.934215899,27070.0124520299,27129.3897701816
4,1,1,1,1,2,27069.9371182543,27070.0011068785,27123.4471171085
2,1,3,0,1,4,27069.9905423504,27070.0687784813,27129.446096633
2,1,2,4,1,1,27070.0012884229,27070.0795245537,27129.4568427054
1,1,4,2,1,1,27070.0020059318,27070.065994556,27123.512004786
2,1,3,3,1,1,27070.003213969,27070.0814500999,27129.4587682516
1,1,3,0,1,6,27070.0121280749,27070.1060448305,27135.4132377857
3,1,2,3,1,1,27070.0224321615,27070.1006682923,27129.477986444
2,1,3,1,1,3,27070.0341571284,27070.1123932592,27129.4897114109
4,1,1,0,1,4,27070.046215719,27070.1244518499,27129.5017700015
2,1,2,0,1,6,27070.0563191463,27070.1502359019,27135.4574288571
3,1,2,0,1,4,27070.0628356121,27070.1410717429,27129.5183898946
2,1,3,2,1,2,27070.065438137,27070.1436742679,27129.5209924196
1,1,2,3,1,3,27070.080934194,27070.1591703249,27129.5364884766
2,1,2,1,1,4,27070.1161301043,27070.1943662351,27129.5716843868
1,1,3,4,1,1,27070.1230419234,27070.2012780542,27129.5785962059
1,1,2,5,1,1,27070.1248443722,27070.203080503,27129.5803986547
2,1,4,1,1,2,27070.129839782,27070.2080759129,27129.5853940645
3,1,1,0,1,3,27070.189631846,27070.2408045539,27117.754075272
2,1,2,2,1,3,27070.2572180576,27070.3354541884,27129.7127723401
1,1,3,3,1,2,27070.2611588455,27070.3393949764,27129.7167131281
3,1,2,1,1,3,27070.2773465286,27070.3555826595,27129.7329008112
2,1,2,0,1,1,27070.2795741373,27070.3094036827,27105.9529067068
7,1,1,0,1,2,27070.2846912056,27070.3786079612,27135.6858009164
4,1,4,2,1,6,27070.3291431059,27070.5473249241,27171.4035853862
1,1,3,1,1,4,27070.3397259336,27070.4179620645,27129.7952802161
1,1,4,0,1,3,27070.3431889505,27070.4071775748,27123.8531878048
2,1,2,5,1,1,27070.3569767494,27070.450893505,27135.7580864602
3,1,4,3,1,6,27070.4215622509,27070.6397440691,27171.4960045313
4,1,4,3,1,5,27070.462387148,27070.6805689662,27171.5368294283
3,1,2,1,1,1,27070.5224308632,27070.573603571,27118.0868742892
1,1,3,0,1,1,27070.525069107,27070.5548986524,27106.1984016765
3,1,2,0,1,1,27070.5731041866,27070.6128910427,27112.1919921844
1,1,2,1,1,5,27070.5801535176,27070.6583896485,27130.0357078001
2,1,3,1,1,1,27070.621836648,27070.6730093559,27118.1862800741
4,1,2,4,1,6,27070.6364587964,27070.8546406146,27171.7109010767
2,1,3,0,1,2,27070.7418190972,27070.7929918051,27118.3062625232
3,1,2,0,1,2,27070.7555922773,27070.8067649852,27118.3200357034
4,1,3,1,1,3,27070.7587150432,27070.8697470716,27142.1053801822
1,1,2,4,1,2,27070.8050385769,27070.8832747077,27130.2605928594
4,1,1,0,1,5,27070.8170506534,27070.910967409,27136.2181603642
1,1,4,1,1,1,27070.8270899571,27070.878262665,27118.3915333831
2,1,2,1,1,5,27070.828792595,27070.9227093506,27136.2299023058
1,1,3,1,1,5,27070.8649907987,27070.9589075543,27136.2661005095
1,1,2,2,1,4,27070.8882327468,27070.9664688776,27130.3437870293
7,1,1,0,1,3,27070.888619933,27070.9996519615,27142.235285072
1,1,4,0,1,1,27070.8917191252,27070.9315059814,27112.510607123
3,1,1,0,1,6,27070.9061150693,27071.0000318249,27136.3072247801
7,1,1,2,1,1,27070.9229812006,27071.034013229,27142.2696463396
2,1,3,0,1,1,27070.9452137496,27070.9850006057,27112.5641017474
7,1,1,1,1,2,27070.9811189478,27071.0921509763,27142.3277840869
1,1,4,0,1,2,27070.9812594758,27071.0324321836,27118.5457029018
3,1,1,0,1,5,27070.9817913015,27071.0600274324,27130.437345584
2,1,2,3,1,3,27071.0202347798,27071.1141515354,27136.4213444906
3,1,1,1,1,1,27071.061690987,27071.1014778432,27112.6805789848
2,1,2,4,1,2,27071.1245338932,27071.2184506488,27136.525643604
7,1,1,3,1,6,27071.1384700289,27071.3824072614,27178.1584677374
3,1,1,1,1,4,27071.1774846134,27071.2557207443,27130.633038896
3,1,1,5,1,1,27071.223064126,27071.3169808816,27136.6241738368
3,1,1,4,1,1,27071.2280095111,27071.306245642,27130.6835637936
2,1,3,3,1,2,27071.2423439224,27071.336260678,27136.6434536332
1,1,3,4,1,2,27071.2449536159,27071.3388703715,27136.6460633267
4,1,1,1,1,4,27071.2676864818,27071.3616032374,27136.6687961926
7,1,4,3,1,1,27071.2854151802,27071.4792854582,27166.4143020322
4,1,2,2,1,1,27071.2868655771,27071.3651017079,27130.7424198596
1,1,3,5,1,6,27071.2915305319,27071.4854008099,27166.4204173839
3,1,1,3,1,2,27071.2971879533,27071.3754240841,27130.7527422358
3,1,1,0,1,2,27071.355711423,27071.3954982791,27112.9745994208
4,1,1,5,1,1,27071.4047425748,27071.5157746033,27142.7514077138
1,1,2,1,1,6,27071.4327638109,27071.5266805665,27136.8338735217
2,1,3,4,1,1,27071.4419222901,27071.5358390457,27136.8430320009
2,1,4,2,1,1,27071.453480193,27071.5317163239,27130.9090344756
1,1,3,3,1,3,27071.5082888817,27071.6022056373,27136.9093985924
1,1,2,2,1,2,27071.5226200432,27071.5737927511,27119.0870634692
1,1,3,2,1,3,27071.5404730662,27071.6187091971,27130.9960273487
1,1,2,5,1,2,27071.5608632628,27071.6547800184,27136.9619729736
4,1,1,2,1,1,27071.5615286065,27071.6255172308,27125.0715274608
2,1,2,2,1,4,27071.5693668783,27071.6632836339,27136.970476589
4,1,1,0,1,6,27071.581113908,27071.6921459365,27142.9277790471
1,1,2,3,1,2,27071.6076200486,27071.6716086729,27125.1176189029
2,1,3,0,1,5,27071.6111302786,27071.7050470342,27137.0122399894
3,1,2,0,1,5,27071.616315102,27071.7102318576,27137.0174248128
2,1,2,1,1,6,27071.6581482895,27071.769180318,27143.0048134286
4,1,2,3,1,1,27071.6679134146,27071.7618301702,27137.0690231254
3,1,2,2,1,3,27071.6720027518,27071.7659195074,27137.0731124626
4,1,2,0,1,4,27071.6897911535,27071.7837079091,27137.0909008643
4,1,2,0,1,3,27071.7014692979,27071.7797054287,27131.1570235804
2,1,2,3,1,2,27071.7068876232,27071.7851237541,27131.1624419058
1,1,2,1,1,3,27071.7190599423,27071.7702326502,27119.2835033683
3,1,2,4,1,1,27071.7284248696,27071.8223416252,27137.1295345804
3,1,1,2,1,3,27071.7460810682,27071.8243171991,27131.2016353508
1,1,3,2,1,4,27071.7509544904,27071.844871246,27137.1520642012
2,1,2,1,1,3,27071.7855494161,27071.8495380403,27125.2955482703
1,1,3,5,1,2,27071.7999436719,27071.9109757003,27143.1466088109
2,1,3,1,1,4,27071.813609442,27071.9075261976,27137.2147191528
4,1,1,2,1,2,27071.8504127138,27071.9286488446,27131.3059669963
2,1,2,5,1,2,27071.8519614958,27071.9629935243,27143.1986266349
3,1,1,1,1,5,27071.8675484975,27071.9614652531,27137.2686582083
4,1,4,1,1,1,27071.8677816056,27071.9616983612,27137.2688913164
4,1,2,2,1,2,27071.8932987805,27071.9872155361,27137.2944084913
1,1,3,2,1,2,27071.910086493,27071.9740751172,27125.4200853473
2,1,1,4,1,3,27071.9375431092,27072.0314598648,27137.33865282
2,1,3,0,1,6,27071.9389810106,27072.050013039,27143.2856461496
3,1,2,0,1,6,27071.9405906783,27072.0516227068,27143.2872558173
2,1,4,2,1,2,27071.9472293803,27072.0411461359,27137.3483390911
4,1,1,1,1,3,27071.9577783468,27072.0360144776,27131.4133326293
2,1,4,3,1,1,27071.9901149449,27072.0840317005,27137.3912246557
4,1,4,5,1,4,27072.0303909904,27072.2743282229,27179.0503886989
3,1,2,1,1,4,27072.0679856921,27072.1619024478,27137.4690954029
2,1,1,2,1,5,27072.0793983222,27072.1733150778,27137.480508033
3,1,3,3,1,1,27072.0984353766,27072.1923521322,27137.4995450874
4,1,1,0,1,3,27072.1084355821,27072.1724242064,27125.6184344364
1,1,4,0,1,5,27072.1125979646,27072.2065147202,27137.5137076754
3,1,3,0,1,3,27072.1175139744,27072.1957501053,27131.573068257
1,1,2,3,1,4,27072.1496893735,27072.2436061291,27137.5507990843
2,1,4,1,1,3,27072.1502113409,27072.2441280965,27137.5513210517
1,1,4,2,1,3,27072.1643210515,27072.2582378071,27137.5654307623
3,1,3,0,1,4,27072.1822182922,27072.2761350478,27137.583328003
2,1,4,0,1,3,27072.2159444582,27072.294180589,27131.6714987407
3,1,1,3,1,3,27072.2283432918,27072.3222600475,27137.6294530026
2,1,4,0,1,4,27072.2714209258,27072.3653376814,27137.6725306365
3,1,1,4,1,2,27072.3276135939,27072.4215303495,27137.7287233047
1,1,3,1,1,3,27072.3391846142,27072.4031732385,27125.8491834685
2,1,3,2,1,3,27072.342522657,27072.4364394126,27137.7436323678
7,1,1,3,1,1,27072.3610459301,27072.4906294118,27149.6532664974
2,1,4,1,1,1,27072.3962336724,27072.4602222967,27125.9062325267
2,1,1,2,1,6,27072.4157769026,27072.5268089311,27143.7624420416
2,1,1,5,1,3,27072.42855584,27072.5395878684,27143.775220979
4,1,2,1,1,1,27072.4302774738,27072.494266098,27125.9402763281
3,1,1,1,1,6,27072.4614897952,27072.5725218237,27143.8081549343
3,1,3,1,1,1,27072.4827775893,27072.5467662136,27125.9927764436
2,1,4,0,1,1,27072.4873291714,27072.5385018793,27120.0517725974
7,1,1,2,1,2,27072.5020208612,27072.6316043429,27149.7942414285
1,1,5,2,1,1,27072.5059301474,27072.5841662783,27131.9614844299
1,1,5,0,1,3,27072.5318374211,27072.6100735519,27131.9873917036
7,1,1,2,1,4,27072.5414220106,27072.7124230794,27161.7247534344
4,1,2,0,1,1,27072.5519576089,27072.6031303168,27120.1164010349
7,1,1,0,1,4,27072.569318264,27072.6989017456,27149.8615388313
2,1,3,1,1,5,27072.5785190531,27072.6895510815,27143.9251841921
2,1,3,5,1,6,27072.5890055676,27072.8071873858,27173.663447848
3,1,3,0,1,1,27072.5912997996,27072.6424725075,27120.1557432256
3,1,2,1,1,5,27072.6069655842,27072.7179976127,27143.9536307233
3,1,1,5,1,2,27072.612090693,27072.7231227214,27143.958755832
3,1,1,0,1,1,27072.615919395,27072.6457489404,27108.2892519645
2,1,4,0,1,2,27072.6359009918,27072.699889616,27126.1458998461
4,1,2,0,1,2,27072.6359632985,27072.6999519227,27126.1459621528
1,1,2,1,1,2,27072.7093153165,27072.7491021726,27114.3282033143
1,1,5,0,1,4,27072.7120907546,27072.8060075102,27138.1132004653
4,1,1,1,1,1,27072.7480887764,27072.7992614843,27120.3125322024
2,1,1,4,1,4,27072.7622179979,27072.8732500264,27144.108883137
1,1,5,0,1,1,27072.7664738038,27072.8176465117,27120.3309172299
2,1,1,3,1,5,27072.8152406854,27072.9262727139,27144.1619058245
4,1,2,5,1,6,27072.8214921645,27073.065429397,27179.841489873
2,1,3,4,1,2,27072.8494995127,27072.9605315411,27144.1961646517
4,1,4,4,1,5,27072.8599584735,27073.103895706,27179.8799561821
3,1,2,4,1,2,27072.8650802251,27072.9761122535,27144.2117453641
2,1,3,3,1,3,27072.8846701394,27072.9957021678,27144.2313352784
3,1,6,0,1,1,27072.9179156027,27073.0118323583,27138.3190253135
3,1,2,3,1,3,27072.9268185094,27073.0378505379,27144.2734836484
4,1,4,1,1,2,27072.9579206406,27073.068952669,27144.3045857796
4,1,1,0,1,2,27072.9881027152,27073.0392754231,27120.5525461412
3,1,3,0,1,2,27073.0373592194,27073.1013478436,27126.5473580736
7,1,5,4,1,1,27073.0450380433,27073.2889752758,27180.0650357519
3,1,2,2,1,2,27073.0522990107,27073.1305351416,27132.5078532932
7,1,1,5,1,6,27073.0729846357,27073.372770503,27191.9840932008
1,1,4,1,1,5,27073.1150134133,27073.2260454418,27144.4616785524
7,1,4,4,1,1,27073.1190108498,27073.337192668,27174.1934531301
7,1,1,2,1,3,27073.190698412,27073.3402710616,27156.4284744076
2,1,4,3,1,2,27073.2033779242,27073.3144099527,27144.5500430633
4,1,2,0,1,5,27073.2549506002,27073.3659826287,27144.6016157392
2,1,3,2,1,4,27073.2570215314,27073.3680535599,27144.6036866705
7,1,6,3,1,1,27073.2596225267,27073.5035597592,27180.2796202353
1,1,5,0,1,2,27073.267145115,27073.3311337392,27126.7771439693
1,1,5,1,1,1,27073.275006818,27073.3389954423,27126.7850056723
1,1,4,4,1,2,27073.3268355741,27073.4378676026,27144.6735007132
1,1,4,2,1,2,27073.3370677651,27073.415303896,27132.7926220476
4,1,2,1,1,4,27073.3934735547,27073.5045055831,27144.7401386937
7,1,2,3,1,1,27073.4246979428,27073.5742705923,27156.6624739383
3,1,2,3,1,2,27073.4271421413,27073.5210588969,27138.828251852
4,1,2,4,1,1,27073.4485749577,27073.5596069862,27144.7952400968
4,1,2,0,1,6,27073.4664828648,27073.5960663465,27150.7587034321
7,1,1,3,1,2,27073.4668668625,27073.616439512,27156.704642858
3,1,2,2,1,4,27073.4764735796,27073.5875056081,27144.8231387187
2,1,3,1,1,6,27073.4819216638,27073.6115051455,27150.7741422311
1,1,2,4,1,4,27073.4965429697,27073.6075749982,27144.8432081088
4,1,1,0,1,1,27073.5171978189,27073.556984675,27115.1360858166
7,1,1,1,1,3,27073.5393951372,27073.6689786189,27150.8316157045
3,1,2,1,1,6,27073.5522127553,27073.681796237,27150.8444333226
7,1,1,5,1,1,27073.615552086,27073.7865531548,27162.7988835099
2,1,3,5,1,2,27073.6507362092,27073.7803196909,27150.9429567765
3,1,4,3,1,1,27073.6719956142,27073.7830276427,27145.0186607533
5,1,2,0,1,1,27073.6800420176,27073.7440306418,27127.1900408719
3,1,3,4,1,1,27073.6847676507,27073.7957996791,27145.0314327897
4,1,2,3,1,2,27073.6860828593,27073.7971148877,27145.0327479983
2,1,4,0,1,5,27073.7034104575,27073.8144424859,27145.0500755965
3,1,3,2,1,3,27073.711868463,27073.8229004914,27145.058533602
2,1,6,5,1,4,27073.7248651889,27073.9688024214,27180.7448628974
3,1,3,0,1,5,27073.7622785738,27073.8733106023,27145.1089437128
1,1,3,4,1,6,27073.7764706461,27073.9474717149,27162.9598020699
4,1,2,5,1,1,27073.7771365716,27073.9067200532,27151.0693571389
1,1,4,1,1,3,27073.7831491958,27073.8613853267,27133.2387034783
2,1,4,1,1,4,27073.8040505082,27073.9150825367,27145.1507156473
3,1,3,1,1,4,27073.8129699025,27073.924001931,27145.1596350416
3,1,1,2,1,4,27073.8239908495,27073.9179076051,27139.2251005603
3,1,3,3,1,2,27073.8263639182,27073.9373959467,27145.1730290573
4,1,5,0,1,1,27073.8280192673,27073.9219360229,27139.2291289781
1,1,3,4,1,4,27073.9340375387,27074.0636210203,27151.226258106
3,1,2,3,1,6,27073.9434956721,27074.1144967408,27163.1268270959
1,1,4,3,1,2,27073.944653703,27074.0385704586,27139.3457634137
7,1,1,4,1,1,27073.9783153895,27074.1278880391,27157.216091385
2,1,4,0,1,6,27074.0081141242,27074.1376976058,27151.3003346915
4,1,4,4,1,6,27074.0174073268,27074.2885453931,27186.9829604636
3,1,3,0,1,6,27074.025768941,27074.1553524226,27151.3179895083
2,1,1,5,1,4,27074.0485218801,27074.1781053618,27151.3407424474
2,1,1,3,1,6,27074.1466349038,27074.2762183855,27151.4388554711
3,1,3,1,1,5,27074.1586527129,27074.2882361946,27151.4508732802
1,1,5,0,1,5,27074.1758760136,27074.286908042,27145.5225411526
1,1,6,2,1,1,27074.1995504831,27074.2934672387,27139.6006601939
4,1,2,1,1,5,27074.2025161955,27074.3320996772,27151.4947367628
1,1,5,2,1,3,27074.225063375,27074.3360954035,27145.5717285141
1,1,4,5,1,2,27074.2311630038,27074.3607464855,27151.5233835711
2,1,4,3,1,4,27074.237343877,27074.3869165266,27157.4751198725
3,1,4,0,1,2,27074.2538655449,27074.3321016758,27133.7094198275
2,1,2,3,1,4,27074.2639037414,27074.3749357699,27145.6105688804
2,1,5,0,1,3,27074.2719309641,27074.3658477197,27139.6730406749
3,1,2,3,1,4,27074.2846363658,27074.4142198474,27151.5768569331
1,1,4,1,1,4,27074.2934214586,27074.3873382142,27139.6945311694
1,1,3,1,1,2,27074.3137459647,27074.3649186726,27121.8781893908
1,1,6,0,1,3,27074.3213996019,27074.4153163575,27139.7225093127
3,1,4,0,1,1,27074.3332889264,27074.3972775506,27127.8432877807
1,1,6,0,1,2,27074.3522843718,27074.4305205027,27133.8078386544
2,1,1,4,1,5,27074.3601318097,27074.4897152914,27151.652352377
2,1,4,2,1,3,27074.3820008224,27074.4930328509,27145.7286659614
4,1,1,5,1,2,27074.4166261478,27074.5462096295,27151.7088467151
4,1,1,3,1,3,27074.4386229021,27074.5496549305,27145.7852880411
1,1,4,3,1,3,27074.4918577994,27074.6028898278,27145.8385229384
7,1,1,0,1,5,27074.5117666494,27074.661339299,27157.749542645
1,1,3,3,1,4,27074.513140298,27074.6241723265,27145.8598054371
4,1,2,4,1,2,27074.5146483003,27074.644231782,27151.8068688676
1,1,6,0,1,4,27074.5174069805,27074.628439009,27145.8640721195
1,1,5,4,1,1,27074.5585631119,27074.6695951404,27145.9052282509
2,1,5,0,1,1,27074.5670163588,27074.6310049831,27128.0770152131
2,1,4,1,1,5,27074.5867489165,27074.7163323982,27151.8789694838
1,1,4,2,1,4,27074.5886190818,27074.6996511102,27145.9352842208
7,1,6,2,1,1,27074.6137215089,27074.8319033271,27175.6881637892
7,1,2,2,1,2,27074.6577550422,27074.8073276918,27157.8955310377
1,1,4,1,1,2,27074.6580977071,27074.7220863313,27128.1680965614
1,1,6,0,1,1,27074.738307137,27074.8022957613,27128.2483059913
1,1,4,3,1,4,27074.7435114519,27074.8730949335,27152.0357320192
2,1,4,4,1,2,27074.8133904803,27074.942973962,27152.1056110476
7,1,1,1,1,4,27074.8278307585,27074.977403408,27158.065606754
4,1,2,2,1,4,27074.8300575328,27074.9596410144,27152.1222781
4,1,2,3,1,3,27074.8361139689,27074.9656974506,27152.1283345362
1,1,5,0,1,6,27074.9313833519,27075.0609668336,27152.2236039192
3,1,3,4,1,2,27074.9720366945,27075.1016201762,27152.2642572618
2,1,5,0,1,2,27074.98075699,27075.0589931209,27134.4363112725
4,1,2,1,1,6,27075.0275287033,27075.1771013528,27158.2653046988
7,1,6,4,1,1,27075.0375058657,27075.308643932,27188.0030590025
4,1,4,0,1,3,27075.0433806882,27075.1544127166,27146.3900458272
1,1,6,1,1,1,27075.0786598687,27075.1568959996,27134.5342141512
7,1,3,0,1,3,27075.1006521847,27075.2502248343,27158.3384281803
4,1,4,3,1,1,27075.127632554,27075.2572160356,27152.4198531213
4,1,2,1,1,3,27075.1708991711,27075.2648159267,27140.5720088819
4,1,4,0,1,4,27075.1716672259,27075.3012507076,27152.4638877932
4,1,4,2,1,3,27075.1789661817,27075.3285388313,27158.4167421773
7,1,1,4,1,2,27075.1928598101,27075.3638608789,27164.3761912339
4,1,2,5,1,2,27075.2066350799,27075.3562077294,27158.4444110754
2,1,4,3,1,3,27075.2653472816,27075.3949307632,27152.5575678489
2,1,4,2,1,4,27075.3267354699,27075.4563189515,27152.6189560372
4,1,1,3,1,4,27075.3878318868,27075.5174153685,27152.6800524541
7,1,2,0,1,2,27075.4352883896,27075.5463204181,27146.7819535286
2,1,4,1,1,6,27075.4822061275,27075.631778777,27158.719982123
3,1,3,1,1,6,27075.5028126643,27075.6523853138,27158.7405886598
4,1,3,4,1,1,27075.5029988561,27075.6325823378,27152.7952194234
1,1,5,1,1,5,27075.5082473886,27075.6378308703,27152.8004679559
7,1,1,1,1,1,27075.5291665533,27075.6230833089,27140.9302762641
7,1,1,5,1,2,27075.6269122553,27075.8207825333,27170.7557991074
4,1,6,0,1,1,27075.6427183397,27075.7537503682,27146.9893834787
2,1,4,5,1,2,27075.6454567094,27075.795029359,27158.883232705
1,1,5,2,1,2,27075.6812476771,27075.7751644327,27141.0823573879
7,1,3,0,1,5,27075.7277774713,27075.9216477493,27170.8566643233
7,1,3,0,1,2,27075.7688420385,27075.8984255202,27153.0610626058
7,1,1,0,1,6,27075.8343989324,27076.0054000011,27165.0177303562
2,1,5,0,1,6,27075.8699622603,27076.0195349099,27159.1077382559
2,1,1,2,1,2,27075.8731141214,27075.9242868293,27123.4375575474
5,1,3,0,1,1,27075.9332724423,27076.0115085732,27135.3888267248
2,1,3,3,1,4,27075.9508960833,27076.0804795649,27153.2431166505
1,1,5,4,1,2,27075.9728379899,27076.1024214715,27153.2650585572
6,1,1,5,1,6,27075.9890827417,27076.2602208081,27188.9546358786
1,1,6,0,1,5,27076.0117911066,27076.1413745882,27153.3040116739
1,1,5,1,1,3,27076.0265323575,27076.1204491131,27141.4276420683
2,1,1,0,1,1,27076.0466696984,27076.0679689529,27105.7744468396
3,1,4,5,1,1,27076.0680906373,27076.2176632868,27159.3058666328
1,1,6,2,1,3,27076.114721015,27076.2443044966,27153.4069415823
2,1,1,3,1,1,27076.1757569478,27076.2269296556,27123.7402003738
2,1,1,0,1,4,27076.2135788496,27076.2647515575,27123.7780222757
7,1,1,1,1,5,27076.3073534053,27076.4783544741,27165.4906848291
4,1,2,1,1,2,27076.3599830984,27076.4382192293,27135.815537381
4,1,4,0,1,1,27076.3971952529,27076.4754313838,27135.8527495354
2,1,1,2,1,1,27076.3996236968,27076.439410553,27118.0185116946
3,1,3,2,1,4,27076.4851323814,27076.6147158631,27153.7773529487
1,1,6,4,1,1,27076.4899252022,27076.6195086838,27153.7821457695
4,1,3,1,1,5,27076.4941862173,27076.6437588669,27159.7319622129
2,1,1,4,1,6,27076.5511519965,27076.7007246461,27159.788927992
1,1,5,1,1,4,27076.6154169065,27076.726448935,27147.9620820456
1,1,4,4,1,5,27076.6270051787,27076.7980062474,27165.8103366025
2,1,6,0,1,1,27076.630335624,27076.7085717549,27136.0858899066
7,1,2,0,1,5,27076.6477313035,27076.8187323722,27165.8310627273
1,1,6,0,1,6,27076.6735655453,27076.8231381948,27159.9113415408
2,1,1,0,1,3,27076.6796449978,27076.719431854,27118.2985329956
7,1,2,1,1,1,27076.7463499275,27076.857381956,27148.0930150665
4,1,4,4,1,1,27076.7786044903,27076.9281771399,27160.0163804859
7,1,1,1,1,6,27076.7957446246,27076.9896149026,27171.9246314767
2,1,6,1,1,1,27076.8080634624,27076.901980218,27142.2091731732
2,1,1,1,1,1,27076.8096972927,27076.8395268382,27112.4830298623
1,1,5,1,1,2,27076.8282737111,27076.906509842,27136.2838279936
2,1,1,0,1,2,27076.8941783754,27076.9240079208,27112.5675109449
4,1,4,1,1,4,27076.9558009916,27077.1053736412,27160.1935769872
4,1,4,0,1,6,27077.0556388781,27077.2266399469,27166.2389703019
2,1,6,3,1,1,27077.2721933748,27077.4017768564,27154.5644139421
7,1,2,4,1,1,27077.2786372616,27077.4496383303,27166.4619686854
1,1,6,2,1,2,27077.2847701242,27077.3958021526,27148.6314352632
4,1,4,5,1,1,27077.3623918757,27077.5333929445,27166.5457232995
1,1,5,2,1,4,27077.5016901872,27077.6312736688,27154.7939107545
1,1,6,4,1,2,27077.5377336649,27077.6873063145,27160.7755096605
1,1,6,1,1,3,27077.6029554068,27077.7139874353,27148.9496205458
2,1,1,2,1,3,27077.6227305292,27077.6867191534,27131.1327293835
4,1,4,1,1,5,27077.6453084933,27077.816309562,27166.8286399171
4,1,2,3,1,4,27077.6868810607,27077.8364537103,27160.9246570562
2,1,6,4,1,6,27077.8048303596,27078.075968426,27190.7703834964
2,1,1,0,1,5,27077.8842451362,27077.9482337604,27131.3942439905
2,1,1,4,1,1,27077.9004412547,27077.964429879,27131.410440109
4,1,4,4,1,2,27077.9198386229,27078.0908396917,27167.1031700467
2,1,1,3,1,2,27078.2778202793,27078.3418089035,27131.7878191336
3,1,2,4,1,5,27078.3209887659,27078.4919898346,27167.5043201897
1,1,6,1,1,2,27078.3339393819,27078.4278561376,27143.7350490927
4,1,4,2,1,4,27078.3901286975,27078.5611297662,27167.5734601213
2,1,1,0,1,6,27078.4779575077,27078.5561936386,27137.9335117902
1,1,6,2,1,4,27078.6033881942,27078.7529608438,27161.8411641898
2,1,1,5,1,1,27078.6148837493,27078.6931198802,27138.0704380318
2,1,1,5,1,6,27078.626752842,27078.7977539107,27167.8100842658
4,1,4,5,1,2,27078.8183996489,27079.0122699269,27173.9472865009
2,1,1,1,1,5,27078.9132733525,27078.9915094833,27138.368827635
4,1,4,3,1,3,27078.9756791562,27079.1466802249,27168.15901058
2,1,1,4,1,2,27079.0000379795,27079.0782741104,27138.4555922621
4,1,3,3,1,4,27079.4947820534,27079.6657831221,27168.6781134772
6,1,1,2,1,5,27079.499978981,27079.6709800498,27168.6833104048
5,1,5,0,1,1,27079.5798158834,27079.6908479118,27150.9264810224
7,1,1,3,1,5,27079.6172698007,27079.8354516189,27180.691712081
6,1,1,4,1,4,27079.897339518,27080.091209796,27175.02622637
2,1,1,2,1,4,27079.93275773,27080.0109938608,27139.3883120125
2,1,1,1,1,6,27079.9575160332,27080.0514327888,27145.358625744
2,1,1,3,1,3,27080.0005693187,27080.0788054496,27139.4561236013
2,1,1,5,1,2,27080.0174852966,27080.1114020522,27145.4185950074
2,1,1,1,1,2,27080.0226661172,27080.0624529734,27121.641554115
2,1,6,1,1,2,27080.1169932986,27080.2280253271,27151.4636584377
2,1,1,1,1,3,27080.2191449836,27080.2703176915,27127.7835884096
2,1,6,5,1,2,27080.295902372,27080.48977265,27175.4247892241
2,1,1,1,1,4,27080.4470210984,27080.5110097226,27133.9570199526
6,1,1,4,1,3,27080.6164967733,27080.787497842,27169.7998281971
4,1,4,3,1,4,27080.6427414408,27080.8366117187,27175.7716282928
6,1,1,2,1,6,27080.9774105878,27081.1712808658,27176.1062974399
6,1,1,5,1,3,27081.0457116317,27081.2395819096,27176.1745984837
2,1,1,5,1,5,27081.0756667529,27081.2252394025,27164.3134427485
6,1,1,4,1,5,27081.2655055125,27081.4836873307,27182.3399477928
6,1,1,4,1,6,27081.39440765,27081.6383448825,27188.4144053585
6,1,1,5,1,4,27081.4666616858,27081.684843504,27182.5411039661
6,1,1,3,1,5,27081.7556578588,27081.9495281368,27176.8845447109
2,1,1,3,1,4,27082.4610784294,27082.554995185,27147.8621881402
6,1,1,1,1,1,27082.9612765617,27083.0395126925,27142.4168308442
6,1,1,3,1,6,27082.9768154911,27083.1949973093,27184.0512577714
7,1,6,5,1,6,27083.6563920342,27084.121175731,27232.2952777405
6,1,1,0,1,3,27084.0448420678,27084.1387588234,27149.4459517786
6,1,1,1,1,3,27084.6144518706,27084.7254838991,27155.9611170096
6,1,1,0,1,4,27084.6688736362,27084.7799056647,27156.0155387752
6,1,1,2,1,1,27084.7638931033,27084.8578098589,27150.1650028141
2,1,5,5,1,5,27084.7824422311,27085.0263794637,27191.8024399397
6,1,1,1,1,2,27084.8170018598,27084.9109186154,27150.2181115706
6,1,1,0,1,2,27085.071120878,27085.1493570088,27144.5266751605
6,1,1,3,1,1,27085.1849521281,27085.2959841566,27156.5316172672
2,1,6,5,1,6,27085.7371231673,27086.0369090346,27204.6482317324
6,1,1,4,1,1,27085.9379368122,27086.0675202939,27163.2301573795
6,1,1,3,1,2,27086.2932501686,27086.4228336503,27163.5854707359
6,1,1,0,1,5,27086.4776470339,27086.6072305155,27163.7698676012
6,1,1,2,1,3,27086.4912497777,27086.6208332594,27163.783470345
6,1,1,1,1,4,27086.5800701688,27086.7096536504,27163.8722907361
2,1,5,5,1,6,27086.8172252391,27087.0883633054,27199.7827783759
6,1,1,5,1,1,27086.8334653881,27086.9830380377,27170.0712413836
6,1,1,2,1,2,27086.9100007117,27087.0210327402,27158.2566658507
6,1,1,4,1,2,27087.1660926375,27087.3156652871,27170.403868633
6,1,1,5,1,2,27087.2976665698,27087.4686676386,27176.4809979936
6,1,1,0,1,6,27087.5281160762,27087.6776887258,27170.7658920718
6,1,1,1,1,5,27087.6729901528,27087.8225628023,27170.9107661483
6,1,1,1,1,6,27088.8199456744,27088.9909467432,27178.0032770982
6,1,1,2,1,4,27089.0146630915,27089.1642357411,27172.2524390871
6,1,1,3,1,4,27089.5994922483,27089.7704933171,27178.7828236721
6,1,1,3,1,3,27089.8789031332,27090.0284757828,27173.1166791287
6,1,1,5,1,5,27093.3187336934,27093.562670926,27200.338731402
1,1,1,4,1,3,27121.6656502919,27121.7438864227,27181.1212045744
1,1,1,2,1,5,27122.4417883517,27122.5200244825,27181.8973426342
1,1,1,5,1,3,27122.5158604596,27122.6097772152,27187.9169701704
1,1,1,3,1,5,27122.5902582985,27122.6841750541,27187.9913680093
1,1,1,3,1,6,27124.5412811069,27124.6523131354,27195.887946246
1,1,1,5,1,4,27124.5879631251,27124.6989951536,27195.9346282641
1,1,1,5,1,5,27126.5300468256,27126.6596303072,27203.8222673929
1,1,1,3,1,1,27130.6027663258,27130.6425531819,27172.2216543236
1,1,1,0,1,4,27130.8609663249,27130.900753181,27172.4798543227
1,1,1,2,1,2,27130.8907284542,27130.9305153103,27172.509616452
1,1,1,2,1,1,27131.1930245344,27131.2228540798,27166.8663571039
1,1,1,0,1,5,27131.8983967204,27131.9495694283,27179.4628401464
1,1,1,2,1,3,27132.2006041525,27132.2517768604,27179.7650475785
1,1,1,4,1,1,27132.2031684225,27132.2543411303,27179.7676118485
1,1,1,0,1,6,27132.2256629095,27132.2896515337,27185.7356617638
1,1,1,0,1,3,27132.2731740119,27132.3030035574,27167.9465065814
1,1,1,3,1,2,27132.4382789434,27132.4894516513,27180.0027223695
1,1,1,5,1,1,27132.4592654436,27132.5232540678,27185.9692642978
1,1,1,1,1,5,27132.4821824382,27132.5461710625,27185.9921812925
1,1,1,4,1,2,27132.9580423703,27133.0220309945,27186.4680412245
1,1,1,2,1,4,27133.6219992683,27133.6859878925,27187.1319981226
1,1,1,5,1,2,27133.7160830384,27133.7943191693,27193.1716373209
1,1,1,3,1,3,27134.0103841948,27134.0743728191,27187.5203830491
1,1,1,1,1,1,27134.4968331455,27134.5181324,27164.2246102868
1,1,1,1,1,6,27134.8079072312,27134.8861433621,27194.2634615137
1,1,1,1,1,4,27134.8253711663,27134.8765438742,27182.3898145924
1,1,1,0,1,2,27135.1467618653,27135.1680611198,27164.8745390065
1,1,1,3,1,4,27136.5211529732,27136.599389104,27195.9767072557
1,1,1,4,1,5,27136.8972803105,27137.008312339,27208.2439454496
1,1,1,1,1,3,27137.0487825984,27137.0885694546,27178.6676705962
1,1,1,4,1,4,27137.265929354,27137.3598461096,27202.6670390648
1,1,1,0,1,1,27139.5844431007,27139.5986375649,27163.3666648137
1,1,1,1,1,2,27142.1258360235,27142.155665569,27177.799168593
6,1,6,5,1,0,27179.5558275786,27179.7997648111,27286.5758252872
7,1,5,3,1,0,27215.932814984,27216.126685262,27311.0617018361
7,1,6,3,1,0,27219.2954377497,27219.5136195679,27320.36988003
3,1,6,5,1,0,27250.0215146443,27250.1925157131,27339.2048460682
4,1,6,5,1,0,27253.4567793737,27253.6506496517,27348.5856662258
5,1,3,5,1,0,27261.5752459595,27261.7248186091,27344.813021955
5,1,5,2,1,0,27291.6864518583,27291.81603534,27368.9786724256
5,1,4,5,1,0,27291.7001512997,27291.8711523684,27380.8834827235
5,1,5,5,1,0,27293.4409055664,27293.6347758444,27388.5697924185
5,1,6,5,1,0,27295.4564426723,27295.6746244905,27396.5308849526
6,1,5,5,1,0,27295.4589617965,27295.6771436147,27396.5334040769
6,1,4,5,1,0,27296.7500411712,27296.9439114492,27391.8789280232
6,1,3,5,1,0,27298.3719276272,27298.5429286959,27387.555259051
1,1,6,5,1,0,27309.6814257632,27309.8110092448,27386.9736463305
3,1,5,4,1,0,27309.9603125867,27310.0898960684,27387.252533154
5,1,1,5,1,0,27310.0084574677,27310.1194894962,27381.3551226067
2,1,6,5,1,0,27311.2754107899,27311.4249834395,27394.5131867855
5,1,2,5,1,0,27311.9956137579,27312.1251972396,27389.2878343252
4,1,6,4,1,0,27313.0514357949,27313.2224368636,27402.2347672187
6,1,2,5,1,0,27313.9523841914,27314.101956841,27397.190160187
5,1,3,4,1,0,27319.0669759302,27319.1965594119,27396.3591964975
5,1,4,4,1,0,27319.8991811843,27320.0487538339,27403.1369571799
4,1,4,5,1,0,27323.4106947188,27323.5602673683,27406.6484707143
4,1,1,5,1,0,27324.8348121545,27324.9287289101,27390.2359218653
3,1,1,5,1,0,27331.7844114849,27331.8626476157,27391.2399657674
6,1,3,3,1,0,27336.5056987912,27336.6352822728,27413.7979193585
7,1,3,5,1,0,27345.3158653548,27345.5097356328,27440.4447522068
7,1,4,5,1,0,27345.5670243413,27345.7852061595,27446.6414666217
7,1,5,5,1,0,27347.0799025724,27347.3238398049,27454.099900281
7,1,2,5,1,0,27348.1188225061,27348.2898235748,27437.3021539299
3,1,5,3,1,0,27348.5620794921,27348.6731115206,27419.9087446312
7,1,6,5,1,0,27349.0321038433,27349.3032419096,27461.9976569801
3,1,6,3,1,0,27350.0055191447,27350.1351026264,27427.297739712
4,1,6,3,1,0,27350.9988604031,27351.1484330527,27434.2366363987
5,1,3,3,1,0,27354.2351041071,27354.3461361356,27425.5817692461
5,1,4,3,1,0,27356.2457671145,27356.3753505961,27433.5379876818
5,1,6,4,1,0,27356.7536671658,27356.9475374438,27451.8825540179
6,1,4,3,1,0,27357.5384996229,27357.6880722725,27440.7762756184
6,1,6,4,1,0,27358.7534691807,27358.9716509988,27459.827911461
6,1,3,4,1,0,27358.9416091793,27359.0911818288,27442.1793851748
5,1,5,4,1,0,27361.7498260907,27361.9208271595,27450.9331575146
3,1,4,5,1,0,27364.3995985158,27364.5291819975,27441.6918190831
7,1,6,1,1,0,27366.451187702,27366.6221887707,27455.6345191258
7,1,5,1,1,0,27367.9775961506,27368.1271688002,27451.2153721462
1,1,2,5,1,0,27380.7154902442,27380.7794788685,27434.2254890985
7,1,1,5,1,0,27381.3175357513,27381.4671084008,27464.5553117468
2,1,2,5,1,0,27381.6679783489,27381.7462144797,27441.1235326314
1,1,3,5,1,0,27381.6923967038,27381.7706328347,27441.1479509864
2,1,3,5,1,0,27383.4004210082,27383.4943377638,27448.8015307189
3,1,2,5,1,0,27383.4118109166,27383.5057276722,27448.8129206274
4,1,2,5,1,0,27385.00816116,27385.1191931885,27456.3548262991
2,1,4,5,1,0,27385.1790578925,27385.2900899209,27456.5257230315
2,1,1,5,1,0,27386.5141463854,27386.5781350096,27440.0241452397
7,1,4,4,1,0,27386.7308377965,27386.9247080745,27481.8597246486
5,1,1,4,1,0,27387.3176015046,27387.4115182602,27452.7187112154
4,1,3,5,1,0,27387.3780523407,27387.5076358224,27464.670272908
1,1,6,4,1,0,27387.5758917274,27387.6869237558,27458.9225568664
7,1,5,4,1,0,27388.5812976086,27388.7994794268,27489.6557398889
5,1,2,4,1,0,27388.898757002,27389.0097890304,27460.245422141
7,1,6,4,1,0,27390.5614075348,27390.8053447673,27497.5814052433
7,1,3,4,1,0,27390.7433212029,27390.9143222717,27479.9266526267
1,1,1,5,1,0,27391.4581431594,27391.5093158673,27439.0225865854
5,1,6,1,1,0,27391.9449284502,27392.0745119319,27469.2371490175
4,1,4,4,1,0,27393.1314808713,27393.261064353,27470.4237014386
7,1,2,4,1,0,27396.8011493867,27396.9507220363,27480.0389253822
1,1,3,4,1,0,27400.7465055112,27400.8104941355,27454.2565043655
5,1,5,1,1,0,27400.9321191876,27401.043151216,27472.2787843266
4,1,1,4,1,0,27405.2820221017,27405.3602582325,27464.7375763842
3,1,1,4,1,0,27409.7909144096,27409.8549030339,27463.3009132639
6,1,5,2,1,0,27413.2273424614,27413.376915111,27496.465118457
5,1,6,2,1,0,27413.5925503482,27413.7421229978,27496.8303263438
4,1,2,4,1,0,27413.6806063592,27413.7745231148,27479.08171607
6,1,3,2,1,0,27424.9495231553,27425.0605551838,27496.2961882943
5,1,5,3,1,0,27425.6296152788,27425.7791879283,27508.8673912743
5,1,6,3,1,0,27427.3297966934,27427.5007977621,27516.5131281172
6,1,6,3,1,0,27429.6348570686,27429.8287273466,27524.7637439206
2,1,6,3,1,0,27433.9250291535,27434.036061182,27505.2716942926
3,1,4,4,1,0,27434.2541235571,27434.3651555856,27505.6007886961
3,1,3,2,1,0,27438.1335989627,27438.197587587,27491.643597817
4,1,3,4,1,0,27438.1784146514,27438.2894466799,27509.5250797905
3,1,4,2,1,0,27439.8162998501,27439.894535981,27499.2718541326
5,1,3,2,1,0,27441.3820389976,27441.4759557532,27506.7831487084
4,1,6,2,1,0,27441.9274344305,27442.0570179121,27519.2196549978
5,1,4,2,1,0,27442.4432314296,27442.554263458,27513.7898965686
3,1,5,2,1,0,27444.0538269766,27444.1477437322,27509.4549366873
6,1,4,2,1,0,27445.3578824694,27445.487465951,27522.6501030367
3,1,6,2,1,0,27446.007713274,27446.1187453024,27517.354378413
5,1,1,3,1,0,27448.3290012867,27448.4072374176,27507.7845555692
6,1,1,3,1,0,27449.6581677224,27449.752084478,27515.0592774332
5,1,2,3,1,0,27449.7033843195,27449.7973010751,27515.1044940303
1,1,6,3,1,0,27450.5496217769,27450.6435385325,27515.9507314877
2,1,5,3,1,0,27452.2396614921,27452.3335782477,27517.6407712028
6,1,2,3,1,0,27452.3145701209,27452.4256021494,27523.6612352599
2,1,3,3,1,0,27452.536375874,27452.6003644983,27506.0463747283
3,1,2,3,1,0,27453.8385180004,27453.9025066246,27507.3485168546
3,1,3,3,1,0,27454.8034613619,27454.8816974928,27514.2590156444
4,1,4,3,1,0,27454.8246555574,27454.9356875859,27526.1713206965
4,1,3,3,1,0,27457.2932794715,27457.3871962271,27522.6943891823
1,1,3,3,1,0,27459.7062382739,27459.7574109818,27507.2706817
4,1,4,2,1,0,27461.5231387,27461.6170554556,27526.9242484108
4,1,1,3,1,0,27462.5130857716,27462.5770743959,27516.0230846259
2,1,4,3,1,0,27462.6660481326,27462.7442842635,27522.1216024152
3,1,4,3,1,0,27463.2936726179,27463.3875893735,27528.6947823286
3,1,1,3,1,0,27465.4544167031,27465.5055894109,27513.0188601291
1,1,1,4,1,0,27465.6849479101,27465.7247347663,27507.3038359079
7,1,1,4,1,0,27467.1767448212,27467.3063283029,27544.4689653885
4,1,2,3,1,0,27469.4047674175,27469.4830035484,27528.8603217
1,1,4,4,1,0,27471.0267650177,27471.1050011485,27530.4823193002
2,1,2,4,1,0,27471.0371423732,27471.1011309975,27524.5471412275
1,1,2,4,1,0,27471.3418025797,27471.3929752876,27518.9062460057
3,1,2,4,1,0,27472.1864693904,27472.2647055213,27531.6420236729
2,1,3,4,1,0,27472.3102413433,27472.3884774742,27531.7657956258
2,1,4,4,1,0,27473.0033646033,27473.0972813589,27538.4044743141
1,1,5,4,1,0,27473.0196971397,27473.1136138953,27538.4208068505
3,1,3,4,1,0,27474.1821715897,27474.2760883453,27539.5832813005
2,1,5,4,1,0,27474.9607220759,27475.0717541044,27546.307387215
2,1,6,4,1,0,27475.7504331867,27475.8800166684,27553.042653754
2,1,1,4,1,0,27477.2432346614,27477.2944073693,27524.8076780875
2,1,2,3,1,0,27485.0569434339,27485.1081161418,27532.6213868599
7,1,3,3,1,0,27505.2860674941,27505.4356401436,27588.5238434896
7,1,4,3,1,0,27505.6667161333,27505.837717202,27594.8500475571
7,1,2,3,1,0,27506.4594718354,27506.589055317,27583.7516924027
7,1,6,0,1,0,27516.4946928523,27516.6442655019,27599.7324688479
1,1,1,3,1,0,27519.4751285725,27519.5049581179,27555.148461142
7,1,6,2,1,0,27521.3186501553,27521.5125204333,27616.4475370074
7,1,5,0,1,0,27523.4913745867,27523.6209580684,27600.783595154
7,1,1,3,1,0,27540.7440053511,27540.8550373795,27612.0906704901
1,1,2,3,1,0,27544.1880866162,27544.2278734723,27585.806974614
1,1,4,3,1,0,27546.318990508,27546.3829791322,27599.8289893622
1,1,5,3,1,0,27548.3241302819,27548.4023664127,27607.7796845644
7,1,4,2,1,0,27550.3653896835,27550.514962333,27633.603165679
7,1,5,2,1,0,27550.6815277373,27550.8525288061,27639.8648591611
2,1,1,3,1,0,27551.3983274163,27551.4381142725,27593.0172154141
7,1,3,2,1,0,27554.689129774,27554.8187132556,27631.9813503413
7,1,2,2,1,0,27559.8435566946,27559.9545887231,27631.1902218337
6,1,5,1,1,0,27560.4223230103,27560.551906492,27637.7145435776
6,1,6,1,1,0,27562.3286282052,27562.4782008547,27645.5664042007
6,1,1,2,1,0,27588.157930774,27588.2361669048,27647.6134850565
5,1,1,2,1,0,27588.5872112255,27588.6511998497,27642.0972100798
3,1,2,2,1,0,27589.276938965,27589.3281116729,27636.8413823911
5,1,2,2,1,0,27589.7238429422,27589.8020790731,27649.1793972247
2,1,3,2,1,0,27590.1409936914,27590.1921663993,27637.7054371175
1,1,4,2,1,0,27590.2285820508,27590.2797547587,27637.7930254769
6,1,5,0,1,0,27591.0335230137,27591.1445550422,27662.3801881527
1,1,5,2,1,0,27591.1122971934,27591.1762858177,27644.6222960477
4,1,1,2,1,0,27591.2966162111,27591.347788919,27638.8610596371
1,1,6,2,1,0,27591.5966953267,27591.6749314575,27651.0522496092
6,1,2,2,1,0,27592.5162214696,27592.6101382252,27657.9173311804
4,1,3,2,1,0,27592.9449211026,27593.0231572334,27652.4004753851
6,1,6,0,1,0,27592.9843946819,27593.1139781636,27670.2766152492
3,1,1,2,1,0,27593.6624531343,27593.7022399904,27635.281341132
2,1,6,2,1,0,27593.9940120238,27594.0879287794,27659.3951217346
2,1,5,2,1,0,27594.2187535821,27594.296989713,27653.6743078647
2,1,4,2,1,0,27594.6570494401,27594.7210380644,27648.1670482944
1,1,3,2,1,0,27594.7899081817,27594.8296950378,27636.4087961795
4,1,2,2,1,0,27597.0799856196,27597.1439742439,27650.5899844739
2,1,2,2,1,0,27610.5831285413,27610.6229153974,27652.202016539
7,1,4,1,1,0,27611.3381901481,27611.4677736298,27688.6304107154
7,1,3,1,1,0,27612.7740115775,27612.8850436059,27684.1206767165
3,1,3,1,1,0,27615.5501545677,27615.6013272756,27663.1145979938
6,1,4,1,1,0,27616.3235344967,27616.4345665252,27687.6701996357
4,1,3,1,1,0,27616.7663989482,27616.8303875725,27670.2763978025
3,1,4,1,1,0,27616.7740786028,27616.8380672271,27670.2840774571
6,1,3,1,1,0,27617.6009818437,27617.6948985993,27683.0020915545
1,1,2,2,1,0,27620.7248773505,27620.7547068959,27656.39820992
5,1,6,0,1,0,27621.3559888786,27621.467020907,27692.7026540176
5,1,4,1,1,0,27622.0847356883,27622.1786524439,27687.4858453991
2,1,1,2,1,0,27628.6121967095,27628.6420262549,27664.285529279
5,1,3,1,1,0,27630.8669676917,27630.9452038225,27690.3225219742
4,1,6,1,1,0,27633.9441783295,27634.055210358,27705.2908434686
3,1,6,1,1,0,27635.360578844,27635.4544955996,27700.7616885548
4,1,5,1,1,0,27638.6054367513,27638.6993535069,27704.0065464621
3,1,5,1,1,0,27639.1865781791,27639.2648143099,27698.6421324616
1,1,1,2,1,0,27648.582345533,27648.6036447875,27678.3101226743
5,1,5,0,1,0,27650.5560748277,27650.6499915833,27715.9571845385
7,1,1,2,1,0,27666.6660350065,27666.7599517621,27732.0671447173
4,1,4,1,1,0,27667.9146293072,27667.9928654381,27727.3701835898
3,1,6,0,1,0,27725.0057753337,27725.0840114646,27784.4613296163
4,1,6,0,1,0,27726.1454705622,27726.2393873178,27791.546580273
2,1,6,0,1,0,27778.6304294634,27778.6944180876,27832.1404283177
7,1,2,1,1,0,27797.7567392524,27797.850656008,27863.1578489632
6,1,2,1,1,0,27849.2427097521,27849.3209458829,27908.6982640346
6,1,1,1,1,0,27849.6149564281,27849.6789450524,27903.1249552824
5,1,2,1,1,0,27869.4494884364,27869.5134770606,27922.9594872907
1,1,6,1,1,0,27869.949039617,27870.0130282412,27923.4590384713
1,1,3,1,1,0,27870.9712505903,27871.0010801357,27906.6445831598
5,1,1,1,1,0,27872.1349779814,27872.1861506893,27919.6994214074
1,1,4,1,1,0,27872.9653242379,27873.005111094,27914.5842122357
2,1,3,1,1,0,27873.0161911771,27873.0559780332,27914.6350791749
3,1,1,1,1,0,27873.4705555487,27873.5003850942,27909.1438881182
2,1,4,1,1,0,27874.1811712989,27874.2323440068,27921.745614725
2,1,5,1,1,0,27874.3371940642,27874.4011826885,27927.8471929185
1,1,5,1,1,0,27874.4523568627,27874.5035295706,27922.0168002887
3,1,2,1,1,0,27875.1761976742,27875.2159845304,27916.795085672
4,1,1,1,1,0,27875.4665869318,27875.5063737879,27917.0854749296
4,1,2,1,1,0,27875.8399608497,27875.8911335576,27923.4044042758
2,1,2,1,1,0,27877.7733101661,27877.8031397115,27913.4466427356
2,1,6,1,1,0,27878.4459971188,27878.5242332497,27937.9015514014
1,1,2,1,1,0,27891.1458259356,27891.1671251901,27920.8736030768
7,1,4,0,1,0,27898.9142228016,27899.0252548301,27970.2608879407
2,1,1,1,1,0,27899.6705217996,27899.6918210541,27929.3982989408
7,1,3,0,1,0,27921.2010075301,27921.2949242857,27986.6021172409
1,1,1,1,1,0,27922.9778547968,27922.992049261,27946.7600765099
2,1,5,0,1,0,27930.2489393468,27930.3001120547,27977.8133827729
6,1,4,0,1,0,27936.2995847272,27936.3935014828,28001.700694438
7,1,1,1,1,0,27947.3706748108,27947.4489109417,28006.8262290933
7,1,2,0,1,0,27986.7259197668,27986.8041558977,28046.1814740493
1,1,6,0,1,0,28033.4614906918,28033.5126633997,28081.0259341178
6,1,3,0,1,0,28042.8515956448,28042.9298317756,28102.3071499273
5,1,4,0,1,0,28106.2139545093,28106.2921906402,28165.6695087918
4,1,3,0,1,0,28121.7291287683,28121.7803014761,28169.2935721943
3,1,3,0,1,0,28126.9600232244,28126.9998100805,28168.5789112222
5,1,3,0,1,0,28137.8076177644,28137.8716063886,28191.3176166187
7,1,1,0,1,0,28143.8084802639,28143.8724688882,28197.3184791182
3,1,5,0,1,0,28166.3615494652,28166.4255380894,28219.8715483195
4,1,5,0,1,0,28166.7396467585,28166.8178828894,28226.1952010411
4,1,4,0,1,0,28180.4737240241,28180.5377126484,28233.9837228784
3,1,4,0,1,0,28187.4099104782,28187.4610831861,28234.9743539042
1,1,5,0,1,0,28245.0779927644,28245.1177796205,28286.6968807622
2,1,4,0,1,0,28273.3162592699,28273.356046126,28314.9351472677
6,1,2,0,1,0,28349.9368339259,28350.0008225501,28403.4468327802
6,1,1,0,1,0,28389.3546676113,28389.4058403192,28436.9191110373
5,1,2,0,1,0,28448.0008820318,28448.0520547397,28495.5653254578
2,1,2,0,1,0,28592.4524741604,28592.4737734149,28622.1802513017
4,1,2,0,1,0,28592.7058295225,28592.7456163787,28634.3247175203
1,1,4,0,1,0,28593.3244541982,28593.3542837436,28628.9977867677
1,1,3,0,1,0,28593.6577109095,28593.6790101641,28623.3854880508
3,1,2,0,1,0,28594.3905899511,28594.4204194966,28630.0639225207
2,1,3,0,1,0,28594.4691067231,28594.4989362686,28630.1424392927
1,1,2,0,1,0,28595.596212337,28595.6104068012,28619.37843405
3,1,1,0,1,0,28598.6957476495,28598.7170469041,28628.4235247908
2,1,1,0,1,0,28604.109573592,28604.1237680561,28627.891795305
1,1,1,0,1,0,28654.7352700198,28654.7437836771,28672.5719363045
5,1,1,0,1,0,28941.4674513681,28941.5072382242,28983.0863393658
4,1,1,0,1,0,28959.1331144174,28959.1629439628,28994.8064469869
