"p","q","P","Q","fejl"
4,5,2,0,"non-finite finite-difference value [10]"
6,6,2,0,"non-finite finite-difference value [7]"
4,5,3,0,"non-finite finite-difference value [1]"
6,5,3,0,"non-finite finite-difference value [6]"
6,1,4,0,"non-finite finite-difference value [5]"
6,2,4,0,"initial value in 'vmmin' is not finite"
6,4,4,0,"initial value in 'vmmin' is not finite"
4,5,4,0,"non-finite finite-difference value [1]"
6,5,4,0,"non-finite finite-difference value [12]"
3,6,4,0,"non-finite finite-difference value [1]"
6,1,5,0,"initial value in 'vmmin' is not finite"
3,3,5,0,"non-finite finite-difference value [1]"
1,4,5,0,"initial value in 'vmmin' is not finite"
1,5,5,0,"non-finite finite-difference value [1]"
2,5,5,0,"non-finite finite-difference value [8]"
3,5,5,0,"non-finite finite-difference value [1]"
4,5,5,0,"initial value in 'vmmin' is not finite"
3,3,2,1,"non-finite finite-difference value [5]"
5,3,2,1,"non-finite finite-difference value [5]"
7,3,2,1,"non-finite finite-difference value [6]"
6,4,2,1,"non-finite finite-difference value [6]"
6,6,2,1,"non-finite finite-difference value [6]"
4,1,3,1,"non-finite finite-difference value [1]"
4,1,4,1,"non-finite finite-difference value [4]"
6,3,4,1,"non-finite finite-difference value [10]"
7,3,4,1,"non-finite finite-difference value [7]"
1,4,4,1,"non-finite finite-difference value [2]"
5,4,4,1,"non-finite finite-difference value [5]"
6,4,4,1,"non-finite finite-difference value [6]"
3,2,5,1,"non-finite finite-difference value [7]"
2,3,5,1,"non-finite finite-difference value [10]"
3,3,5,1,"non-finite finite-difference value [1]"
6,3,5,1,"initial value in 'vmmin' is not finite"
7,3,5,1,"non-finite finite-difference value [7]"
2,4,5,1,"initial value in 'vmmin' is not finite"
6,4,5,1,"non-finite finite-difference value [1]"
6,6,5,1,"initial value in 'vmmin' is not finite"
3,3,1,2,"non-finite finite-difference value [7]"
6,5,1,2,"non-finite finite-difference value [6]"
3,3,2,2,"non-finite finite-difference value [1]"
4,3,2,2,"non-finite finite-difference value [4]"
6,5,2,2,"non-finite finite-difference value [6]"
7,5,2,2,"non-finite finite-difference value [7]"
4,6,2,2,"non-finite finite-difference value [2]"
4,1,3,2,"non-finite finite-difference value [2]"
6,4,3,2,"non-finite finite-difference value [6]"
6,5,3,2,"non-finite finite-difference value [2]"
4,6,3,2,"non-finite finite-difference value [2]"
7,6,3,2,"non-finite finite-difference value [2]"
4,1,4,2,"non-finite finite-difference value [3]"
6,3,4,2,"non-finite finite-difference value [4]"
5,4,4,2,"non-finite finite-difference value [5]"
4,5,4,2,"non-finite finite-difference value [1]"
6,5,4,2,"non-finite finite-difference value [6]"
7,5,4,2,"non-finite finite-difference value [7]"
2,6,4,2,"non-finite finite-difference value [3]"
3,6,4,2,"non-finite finite-difference value [10]"
4,6,4,2,"non-finite finite-difference value [12]"
6,6,4,2,"non-finite finite-difference value [1]"
3,2,5,2,"non-finite finite-difference value [3]"
3,3,5,2,"initial value in 'vmmin' is not finite"
4,3,5,2,"non-finite finite-difference value [12]"
5,3,5,2,"non-finite finite-difference value [1]"
7,3,5,2,"non-finite finite-difference value [7]"
6,4,5,2,"initial value in 'vmmin' is not finite"
1,5,5,2,"non-finite finite-difference value [1]"
2,5,5,2,"initial value in 'vmmin' is not finite"
4,5,5,2,"non-finite finite-difference value [4]"
6,5,5,2,"non-finite finite-difference value [1]"
7,5,5,2,"non-finite finite-difference value [14]"
1,6,5,2,"non-finite finite-difference value [8]"
4,6,5,2,"non-finite finite-difference value [1]"
6,6,5,2,"non-finite finite-difference value [3]"
7,6,5,2,"non-finite finite-difference value [2]"
3,3,1,3,"non-finite finite-difference value [4]"
6,5,1,3,"non-finite finite-difference value [6]"
7,5,1,3,"non-finite finite-difference value [7]"
4,1,2,3,"non-finite finite-difference value [4]"
4,2,2,3,"non-finite finite-difference value [4]"
7,2,2,3,"non-finite finite-difference value [7]"
7,3,2,3,"non-finite finite-difference value [4]"
5,4,2,3,"non-finite finite-difference value [5]"
2,5,2,3,"non-finite finite-difference value [1]"
4,5,2,3,"non-finite finite-difference value [3]"
6,5,2,3,"non-finite finite-difference value [7]"
6,6,2,3,"non-finite finite-difference value [1]"
3,3,3,3,"initial value in 'vmmin' is not finite"
4,3,3,3,"non-finite finite-difference value [1]"
5,4,3,3,"non-finite finite-difference value [5]"
3,5,3,3,"non-finite finite-difference value [1]"
4,5,3,3,"non-finite finite-difference value [4]"
5,5,3,3,"non-finite finite-difference value [5]"
7,5,3,3,"non-finite finite-difference value [1]"
5,6,3,3,"non-finite finite-difference value [14]"
6,6,3,3,"non-finite finite-difference value [6]"
3,2,4,3,"initial value in 'vmmin' is not finite"
3,3,4,3,"non-finite finite-difference value [1]"
7,3,4,3,"non-finite finite-difference value [1]"
7,4,4,3,"initial value in 'vmmin' is not finite"
3,5,4,3,"initial value in 'vmmin' is not finite"
4,5,4,3,"non-finite finite-difference value [13]"
6,5,4,3,"non-finite finite-difference value [7]"
7,5,4,3,"non-finite finite-difference value [7]"
5,6,4,3,"non-finite finite-difference value [1]"
7,1,5,3,"non-finite finite-difference value [2]"
7,2,5,3,"non-finite finite-difference value [1]"
3,3,5,3,"initial value in 'vmmin' is not finite"
5,3,5,3,"non-finite finite-difference value [1]"
6,3,5,3,"non-finite finite-difference value [2]"
7,3,5,3,"non-finite finite-difference value [5]"
3,4,5,3,"non-finite finite-difference value [12]"
4,4,5,3,"non-finite finite-difference value [1]"
5,4,5,3,"non-finite finite-difference value [11]"
6,4,5,3,"non-finite finite-difference value [2]"
3,5,5,3,"non-finite finite-difference value [1]"
4,5,5,3,"non-finite finite-difference value [14]"
6,5,5,3,"non-finite finite-difference value [3]"
4,6,5,3,"non-finite finite-difference value [15]"
7,6,5,3,"non-finite finite-difference value [5]"
7,3,1,4,"non-finite finite-difference value [7]"
6,5,1,4,"non-finite finite-difference value [6]"
7,6,1,4,"non-finite finite-difference value [7]"
4,1,2,4,"non-finite finite-difference value [4]"
7,2,2,4,"non-finite finite-difference value [7]"
7,3,2,4,"non-finite finite-difference value [7]"
6,4,2,4,"non-finite finite-difference value [2]"
4,5,2,4,"non-finite finite-difference value [3]"
6,5,2,4,"non-finite finite-difference value [1]"
3,6,2,4,"non-finite finite-difference value [3]"
5,6,2,4,"non-finite finite-difference value [5]"
6,6,2,4,"non-finite finite-difference value [2]"
7,6,2,4,"non-finite finite-difference value [7]"
7,2,3,4,"non-finite finite-difference value [7]"
3,3,3,4,"non-finite finite-difference value [3]"
3,5,3,4,"initial value in 'vmmin' is not finite"
4,5,3,4,"non-finite finite-difference value [6]"
5,5,3,4,"non-finite finite-difference value [5]"
6,5,3,4,"non-finite finite-difference value [1]"
7,5,3,4,"non-finite finite-difference value [7]"
7,6,3,4,"non-finite finite-difference value [15]"
4,1,4,4,"initial value in 'vmmin' is not finite"
7,1,4,4,"non-finite finite-difference value [6]"
3,2,4,4,"non-finite finite-difference value [1]"
3,3,4,4,"initial value in 'vmmin' is not finite"
5,3,4,4,"non-finite finite-difference value [12]"
6,3,4,4,"non-finite finite-difference value [1]"
7,4,4,4,"non-finite finite-difference value [1]"
1,5,4,4,"initial value in 'vmmin' is not finite"
4,5,4,4,"non-finite finite-difference value [4]"
5,5,4,4,"non-finite finite-difference value [3]"
6,5,4,4,"non-finite finite-difference value [13]"
7,5,4,4,"non-finite finite-difference value [2]"
1,6,4,4,"initial value in 'vmmin' is not finite"
2,6,4,4,"non-finite finite-difference value [3]"
3,6,4,4,"non-finite finite-difference value [11]"
5,6,4,4,"non-finite finite-difference value [1]"
6,6,4,4,"non-finite finite-difference value [4]"
2,2,5,4,"non-finite finite-difference value [6]"
3,2,5,4,"initial value in 'vmmin' is not finite"
1,3,5,4,"non-finite finite-difference value [9]"
3,3,5,4,"initial value in 'vmmin' is not finite"
7,3,5,4,"non-finite finite-difference value [3]"
1,4,5,4,"non-finite finite-difference value [1]"
3,4,5,4,"initial value in 'vmmin' is not finite"
6,4,5,4,"non-finite finite-difference value [3]"
7,4,5,4,"non-finite finite-difference value [7]"
1,5,5,4,"non-finite finite-difference value [11]"
3,5,5,4,"non-finite finite-difference value [2]"
4,5,5,4,"non-finite finite-difference value [1]"
6,5,5,4,"non-finite finite-difference value [6]"
7,5,5,4,"non-finite finite-difference value [7]"
4,6,5,4,"non-finite finite-difference value [1]"
6,6,5,4,"non-finite finite-difference value [3]"
7,6,5,4,"non-finite finite-difference value [4]"
4,1,1,5,"non-finite finite-difference value [4]"
6,2,1,5,"non-finite finite-difference value [6]"
7,3,1,5,"non-finite finite-difference value [7]"
7,5,1,5,"non-finite finite-difference value [3]"
7,6,1,5,"non-finite finite-difference value [7]"
4,1,2,5,"non-finite finite-difference value [4]"
2,4,2,5,"non-finite finite-difference value [7]"
6,4,2,5,"non-finite finite-difference value [2]"
3,5,2,5,"non-finite finite-difference value [3]"
6,5,2,5,"non-finite finite-difference value [1]"
7,5,2,5,"non-finite finite-difference value [7]"
2,6,2,5,"non-finite finite-difference value [6]"
3,6,2,5,"non-finite finite-difference value [3]"
4,6,2,5,"non-finite finite-difference value [10]"
6,6,2,5,"non-finite finite-difference value [6]"
7,6,2,5,"non-finite finite-difference value [1]"
3,2,3,5,"initial value in 'vmmin' is not finite"
7,2,3,5,"non-finite finite-difference value [1]"
4,3,3,5,"non-finite finite-difference value [2]"
1,4,3,5,"non-finite finite-difference value [2]"
1,5,3,5,"non-finite finite-difference value [1]"
3,5,3,5,"non-finite finite-difference value [1]"
4,5,3,5,"non-finite finite-difference value [3]"
7,5,3,5,"non-finite finite-difference value [7]"
1,6,3,5,"non-finite finite-difference value [2]"
5,6,3,5,"non-finite finite-difference value [2]"
6,6,3,5,"non-finite finite-difference value [6]"
4,1,4,5,"non-finite finite-difference value [1]"
2,2,4,5,"non-finite finite-difference value [3]"
4,2,4,5,"non-finite finite-difference value [9]"
3,3,4,5,"initial value in 'vmmin' is not finite"
4,3,4,5,"non-finite finite-difference value [4]"
5,3,4,5,"non-finite finite-difference value [5]"
7,3,4,5,"non-finite finite-difference value [7]"
6,4,4,5,"non-finite finite-difference value [1]"
7,4,4,5,"non-finite finite-difference value [1]"
1,5,4,5,"initial value in 'vmmin' is not finite"
2,5,4,5,"initial value in 'vmmin' is not finite"
3,5,4,5,"non-finite finite-difference value [6]"
4,5,4,5,"non-finite finite-difference value [4]"
6,5,4,5,"non-finite finite-difference value [6]"
1,6,4,5,"initial value in 'vmmin' is not finite"
2,6,4,5,"non-finite finite-difference value [3]"
3,6,4,5,"non-finite finite-difference value [3]"
6,6,4,5,"non-finite finite-difference value [20]"
7,6,4,5,"non-finite finite-difference value [2]"
7,1,5,5,"non-finite finite-difference value [5]"
2,2,5,5,"non-finite finite-difference value [2]"
3,2,5,5,"non-finite finite-difference value [13]"
4,2,5,5,"non-finite finite-difference value [1]"
6,2,5,5,"non-finite finite-difference value [6]"
7,2,5,5,"non-finite finite-difference value [14]"
1,3,5,5,"non-finite finite-difference value [1]"
2,3,5,5,"non-finite finite-difference value [2]"
3,3,5,5,"initial value in 'vmmin' is not finite"
4,3,5,5,"non-finite finite-difference value [1]"
5,3,5,5,"non-finite finite-difference value [1]"
7,3,5,5,"non-finite finite-difference value [1]"
3,4,5,5,"non-finite finite-difference value [12]"
4,4,5,5,"non-finite finite-difference value [1]"
5,4,5,5,"non-finite finite-difference value [13]"
3,5,5,5,"non-finite finite-difference value [3]"
4,5,5,5,"non-finite finite-difference value [5]"
6,5,5,5,"non-finite finite-difference value [1]"
7,5,5,5,"initial value in 'vmmin' is not finite"
1,6,5,5,"non-finite finite-difference value [1]"
2,6,5,5,"non-finite finite-difference value [11]"
4,6,5,5,"non-finite finite-difference value [3]"
5,6,5,5,"non-finite finite-difference value [5]"
6,6,5,5,"initial value in 'vmmin' is not finite"
4,1,1,6,"non-finite finite-difference value [2]"
1,5,1,6,"non-finite finite-difference value [1]"
6,5,1,6,"non-finite finite-difference value [6]"
7,5,1,6,"non-finite finite-difference value [7]"
1,1,2,6,"non-finite finite-difference value [1]"
4,5,2,6,"non-finite finite-difference value [4]"
7,5,2,6,"non-finite finite-difference value [6]"
3,6,2,6,"non-finite finite-difference value [3]"
1,2,3,6,"non-finite finite-difference value [1]"
3,3,3,6,"non-finite finite-difference value [4]"
4,3,3,6,"non-finite finite-difference value [2]"
7,3,3,6,"non-finite finite-difference value [7]"
1,4,3,6,"non-finite finite-difference value [1]"
5,4,3,6,"non-finite finite-difference value [1]"
7,4,3,6,"non-finite finite-difference value [7]"
1,5,3,6,"non-finite finite-difference value [1]"
6,5,3,6,"non-finite finite-difference value [7]"
7,5,3,6,"non-finite finite-difference value [6]"
1,6,3,6,"non-finite finite-difference value [1]"
1,1,4,6,"non-finite finite-difference value [3]"
4,1,4,6,"non-finite finite-difference value [2]"
1,2,4,6,"non-finite finite-difference value [5]"
3,2,4,6,"initial value in 'vmmin' is not finite"
5,2,4,6,"non-finite finite-difference value [5]"
7,2,4,6,"non-finite finite-difference value [3]"
3,3,4,6,"initial value in 'vmmin' is not finite"
4,3,4,6,"non-finite finite-difference value [9]"
5,3,4,6,"non-finite finite-difference value [1]"
7,3,4,6,"non-finite finite-difference value [7]"
3,4,4,6,"non-finite finite-difference value [6]"
5,4,4,6,"non-finite finite-difference value [5]"
6,4,4,6,"non-finite finite-difference value [6]"
7,4,4,6,"initial value in 'vmmin' is not finite"
1,5,4,6,"non-finite finite-difference value [3]"
2,5,4,6,"initial value in 'vmmin' is not finite"
3,5,4,6,"non-finite finite-difference value [12]"
4,5,4,6,"non-finite finite-difference value [4]"
6,5,4,6,"non-finite finite-difference value [1]"
7,5,4,6,"non-finite finite-difference value [1]"
4,6,4,6,"non-finite finite-difference value [4]"
6,6,4,6,"non-finite finite-difference value [6]"
7,6,4,6,"non-finite finite-difference value [1]"
1,1,5,6,"non-finite finite-difference value [1]"
3,1,5,6,"non-finite finite-difference value [2]"
4,1,5,6,"non-finite finite-difference value [3]"
1,2,5,6,"non-finite finite-difference value [1]"
3,2,5,6,"initial value in 'vmmin' is not finite"
3,3,5,6,"non-finite finite-difference value [3]"
4,3,5,6,"non-finite finite-difference value [1]"
5,3,5,6,"non-finite finite-difference value [1]"
7,3,5,6,"non-finite finite-difference value [1]"
1,4,5,6,"non-finite finite-difference value [1]"
2,4,5,6,"non-finite finite-difference value [1]"
3,4,5,6,"non-finite finite-difference value [3]"
4,4,5,6,"non-finite finite-difference value [3]"
5,4,5,6,"non-finite finite-difference value [5]"
7,4,5,6,"non-finite finite-difference value [5]"
1,5,5,6,"non-finite finite-difference value [1]"
4,5,5,6,"non-finite finite-difference value [3]"
6,5,5,6,"non-finite finite-difference value [16]"
7,5,5,6,"non-finite finite-difference value [2]"
1,6,5,6,"non-finite finite-difference value [1]"
3,6,5,6,"non-finite finite-difference value [1]"
4,6,5,6,"non-finite finite-difference value [4]"
6,6,5,6,"non-finite finite-difference value [3]"
